14-3-2024 14:43:24;0,04636023;1,191835;-0,007436305;4,712032;31,2673;4,109983;0;waiting for user to recenter
14-3-2024 14:43:24;0,05161316;1,191531;-0,008908434;4,665017;34,20774;4,380524;0;waiting for user to recenter
14-3-2024 14:43:24;0,05417081;1,191151;-0,009234386;4,741713;35,54396;4,345339;0;waiting for user to recenter
14-3-2024 14:43:24;0,05568674;1,190936;-0,00901917;4,898733;36,19489;4,123682;0;waiting for user to recenter
14-3-2024 14:43:24;0,05590111;1,190781;-0,008774938;4,897336;35,9903;3,944384;0;waiting for user to recenter
14-3-2024 14:43:24;0,05575114;1,190858;-0,008653324;4,918155;35,63529;3,855013;0;waiting for user to recenter
14-3-2024 14:43:24;0,05584022;1,190708;-0,008465381;4,980452;35,4527;3,698122;0;waiting for user to recenter
14-3-2024 14:43:24;0,05577768;1,19056;-0,008234231;5,043973;35,22602;3,562556;0;waiting for user to recenter
14-3-2024 14:43:24;0,05575769;1,19038;-0,008051373;5,10418;34,97488;3,454733;0;waiting for user to recenter
14-3-2024 14:43:24;0,0557437;1,190341;-0,007730957;5,182476;34,69523;3,33786;0;waiting for user to recenter
14-3-2024 14:43:24;0,0556943;1,190306;-0,007345166;5,225244;34,43756;3,238603;0;waiting for user to recenter
14-3-2024 14:43:24;0,05566822;1,190143;-0,00706711;5,240477;34,17247;3,15142;0;waiting for user to recenter
14-3-2024 14:43:24;0,05551001;1,189995;-0,006770222;5,287972;33,93865;3,062579;0;waiting for user to recenter
14-3-2024 14:43:24;0,05540925;1,189917;-0,006723855;5,289939;33,94329;3,067019;0;waiting for user to recenter
14-3-2024 14:43:24;0,05526491;1,189958;-0,006460914;5,346862;33,71021;3,002343;0;waiting for user to recenter
14-3-2024 14:43:24;0,05515387;1,190013;-0,006154853;5,3299;33,48878;2,965508;0;waiting for user to recenter
14-3-2024 14:43:24;0,05501277;1,190015;-0,00583677;5,263919;33,25974;2,915752;0;waiting for user to recenter
14-3-2024 14:43:24;0,05478891;1,190002;-0,005536309;5,243137;33,04156;2,879606;0;waiting for user to recenter
14-3-2024 14:43:24;0,05448626;1,190044;-0,00523918;5,222025;32,81201;2,841867;0;waiting for user to recenter
14-3-2024 14:43:24;0,05419981;1,190064;-0,004891959;5,158885;32,57782;2,814147;0;waiting for user to recenter
14-3-2024 14:43:25;0,0539405;1,190069;-0,004550803;5,087075;32,35094;2,781628;0;waiting for user to recenter
14-3-2024 14:43:25;0,05371288;1,190086;-0,004324598;5,043115;32,10575;2,751667;0;waiting for user to recenter
14-3-2024 14:43:25;0,05343489;1,190074;-0,004059645;5,041609;31,8905;2,727082;0;waiting for user to recenter
14-3-2024 14:43:25;0,05313847;1,190142;-0,003860962;5,030585;31,66573;2,702699;0;waiting for user to recenter
14-3-2024 14:43:25;0,05281747;1,190246;-0,003643259;4,986549;31,45553;2,68372;0;waiting for user to recenter
14-3-2024 14:43:25;0,05246549;1,190332;-0,003425088;4,936746;31,27635;2,682503;0;waiting for user to recenter
14-3-2024 14:43:25;0,05222324;1,190393;-0,003326027;4,893616;31,08559;2,683014;0;waiting for user to recenter
14-3-2024 14:43:25;0,05191227;1,190454;-0,003199487;4,867379;30,8917;2,664764;0;waiting for user to recenter
14-3-2024 14:43:25;0,05160376;1,190504;-0,003092894;4,837875;30,68166;2,638168;0;waiting for user to recenter
14-3-2024 14:43:25;0,05117617;1,190572;-0,003030591;4,807647;30,45948;2,610284;0;waiting for user to recenter
14-3-2024 14:43:25;0,0506434;1,190708;-0,002938794;4,769951;30,23355;2,561062;0;waiting for user to recenter
14-3-2024 14:43:25;0,05014621;1,190877;-0,002817752;4,711677;29,97368;2,523;0;waiting for user to recenter
14-3-2024 14:43:25;0,04959663;1,19107;-0,002649598;4,583746;29,64277;2,458966;0;waiting for user to recenter
14-3-2024 14:43:25;0,04893952;1,19132;-0,002458099;4,448551;29,22417;2,380914;0;waiting for user to recenter
14-3-2024 14:43:25;0,04820567;1,191619;-0,002229281;4,323958;28,7618;2,261345;0;waiting for user to recenter
14-3-2024 14:43:25;0,04737755;1,192002;-0,001903928;4,159653;28,21069;2,082734;0;waiting for user to recenter
14-3-2024 14:43:25;0,04645041;1,192425;-0,001555152;3,979346;27,62725;1,90386;0;waiting for user to recenter
14-3-2024 14:43:25;0,04543321;1,192868;-0,001293913;3,802129;26,99247;1,7031;0;waiting for user to recenter
14-3-2024 14:43:25;0,04428021;1,193325;-0,001025362;3,618489;26,28251;1,474573;0;waiting for user to recenter
14-3-2024 14:43:25;0,04304177;1,193762;-0,000769739;3,447273;25,52769;1,247422;0;waiting for user to recenter
14-3-2024 14:43:25;0,04166039;1,194252;-0,0005099727;3,270073;24,69301;0,9974798;0;waiting for user to recenter
14-3-2024 14:43:25;0,0401902;1,194733;-0,0003100699;3,05809;23,81482;0,7400475;0;waiting for user to recenter
14-3-2024 14:43:25;0,03862374;1,195201;-0,0001150034;2,854966;22,92272;0,4954126;0;waiting for user to recenter
14-3-2024 14:43:25;0,03707987;1,195653;2,526399E-05;2,657906;21,99201;0,2701853;0;waiting for user to recenter
14-3-2024 14:43:25;0,03543472;1,196096;0,0001166444;2,485662;21,0433;0,06215513;0;waiting for user to recenter
14-3-2024 14:43:25;0,0337331;1,196527;0,0001933882;2,347636;20,08993;359,8559;0;waiting for user to recenter
14-3-2024 14:43:25;0,03199957;1,197054;0,0002526399;2,179984;19,10169;359,6772;0;waiting for user to recenter
14-3-2024 14:43:25;0,0302285;1,197587;0,000364217;1,951926;18,11049;359,5071;0;waiting for user to recenter
14-3-2024 14:43:25;0,02843271;1,198097;0,0003889371;1,733658;17,14098;359,3304;0;waiting for user to recenter
14-3-2024 14:43:25;0,02668555;1,198568;0,0002395529;1,555149;16,17915;359,1942;0;waiting for user to recenter
14-3-2024 14:43:25;0,02489148;1,199112;9,281654E-05;1,345145;15,24654;359,0553;0;waiting for user to recenter
14-3-2024 14:43:25;0,02319798;1,199575;-0,0001400569;1,157497;14,33287;359,0141;0;waiting for user to recenter
14-3-2024 14:43:25;0,02138547;1,200201;-0,0003511687;0,877712;13,45513;358,8801;0;waiting for user to recenter
14-3-2024 14:43:25;0,01967489;1,200686;-0,0006917333;0,6102466;12,63253;358,8373;0;waiting for user to recenter
14-3-2024 14:43:25;0,0180655;1,20118;-0,00107159;0,3709907;11,8408;358,8181;0;waiting for user to recenter
14-3-2024 14:43:25;0,01655491;1,201619;-0,001443023;0,1531542;11,15344;358,8111;0;waiting for user to recenter
14-3-2024 14:43:25;0,01515195;1,202014;-0,001899246;359,9617;10,5026;358,8184;0;waiting for user to recenter
14-3-2024 14:43:25;0,01380711;1,20237;-0,002401145;359,8244;9,944095;358,8825;0;waiting for user to recenter
14-3-2024 14:43:25;0,01256984;1,202671;-0,002837806;359,7097;9,44768;358,9474;0;waiting for user to recenter
14-3-2024 14:43:25;0,01139959;1,202953;-0,003269221;359,5907;9,001678;359,0311;0;waiting for user to recenter
14-3-2024 14:43:25;0,01037015;1,20322;-0,003759638;359,4979;8,626945;359,1263;0;waiting for user to recenter
14-3-2024 14:43:25;0,009422626;1,203432;-0,004267129;359,4054;8,285335;359,2065;0;waiting for user to recenter
14-3-2024 14:43:25;0,008537645;1,203575;-0,004726834;359,3271;8,006319;359,2809;0;waiting for user to recenter
14-3-2024 14:43:25;0,007778428;1,203753;-0,005243847;359,286;7,806835;359,3248;0;waiting for user to recenter
14-3-2024 14:43:25;0,007052258;1,203837;-0,005732009;359,2478;7,646181;359,3567;0;waiting for user to recenter
14-3-2024 14:43:25;0,006426117;1,203907;-0,006248933;359,2333;7,512455;359,3687;0;waiting for user to recenter
14-3-2024 14:43:25;0,005863719;1,203965;-0,006674482;359,2311;7,405453;359,392;0;waiting for user to recenter
14-3-2024 14:43:25;0,005399335;1,203975;-0,007057941;359,2386;7,337212;359,4211;0;waiting for user to recenter
14-3-2024 14:43:25;0,005399335;1,203975;-0,007057941;359,2386;7,337212;359,4211;0;waiting for user to recenter
14-3-2024 14:43:25;0,005399335;1,203975;-0,007057941;359,2386;7,337212;359,4211;0;waiting for user to recenter
14-3-2024 14:43:25;0,005399335;1,203975;-0,007057941;359,2386;7,337212;359,4211;0;waiting for user to recenter
14-3-2024 14:43:25;0,005399335;1,203975;-0,007057941;359,2386;7,337212;359,4211;0;waiting for user to recenter
14-3-2024 14:43:25;0,005399335;1,203975;-0,007057941;359,2386;7,337212;359,4211;0;waiting for user to recenter
14-3-2024 14:43:25;0,005399335;1,203975;-0,007057941;359,2386;7,337212;359,4211;0;waiting for user to recenter
14-3-2024 14:43:25;0,005399335;1,203975;-0,007057941;359,2386;7,337212;359,4211;0;waiting for user to recenter
14-3-2024 14:43:25;0,005399335;1,203975;-0,007057941;359,2386;7,337212;359,4211;0;waiting for user to recenter
14-3-2024 14:43:25;0,005399335;1,203975;-0,007057941;359,2386;7,337212;359,4211;0;waiting for user to recenter
14-3-2024 14:43:25;0,005399335;1,203975;-0,007057941;359,2386;7,337212;359,4211;0;waiting for user to recenter
14-3-2024 14:43:25;0,005399335;1,203975;-0,007057941;359,2386;7,337212;359,4211;0;waiting for user to recenter
14-3-2024 14:43:25;0,005399335;1,203975;-0,007057941;359,2386;7,337212;359,4211;0;waiting for user to recenter
14-3-2024 14:43:25;0,005399335;1,203975;-0,007057941;359,2386;7,337212;359,4211;0;waiting for user to recenter
14-3-2024 14:43:25;0,005399335;1,203975;-0,007057941;359,2386;7,337212;359,4211;0;waiting for user to recenter
14-3-2024 14:43:25;0,005399335;1,203975;-0,007057941;359,2386;7,337212;359,4211;0;waiting for user to recenter
14-3-2024 14:43:25;0,005399335;1,203975;-0,007057941;359,2386;7,337212;359,4211;0;waiting for user to recenter
14-3-2024 14:43:25;0,005399335;1,203975;-0,007057941;359,2386;7,337212;359,4211;0;waiting for user to recenter
14-3-2024 14:43:25;0,005399335;1,203975;-0,007057941;359,2386;7,337212;359,4211;0;waiting for user to recenter
14-3-2024 14:43:25;0,005399335;1,203975;-0,007057941;359,2386;7,337212;359,4211;0;waiting for user to recenter
14-3-2024 14:43:25;0,005399335;1,203975;-0,007057941;359,2386;7,337212;359,4211;0;waiting for user to recenter
14-3-2024 14:43:25;0,005399335;1,203975;-0,007057941;359,2386;7,337212;359,4211;0;waiting for user to recenter
14-3-2024 14:43:25;0,005399335;1,203975;-0,007057941;359,2386;7,337212;359,4211;0;waiting for user to recenter
14-3-2024 14:43:25;0,005399335;1,203975;-0,007057941;359,2386;7,337212;359,4211;0;waiting for user to recenter
14-3-2024 14:43:25;0,005399335;1,203975;-0,007057941;359,2386;7,337212;359,4211;0;waiting for user to recenter
14-3-2024 14:43:26;0,005399335;1,203975;-0,007057941;359,2386;7,337212;359,4211;0;waiting for user to recenter
14-3-2024 14:43:26;0,005399335;1,203975;-0,007057941;359,2386;7,337212;359,4211;0;waiting for user to recenter
14-3-2024 14:43:26;0,005399335;1,203975;-0,007057941;359,2386;7,337212;359,4211;0;waiting for user to recenter
14-3-2024 14:43:26;0,005399335;1,203975;-0,007057941;359,2386;7,337212;359,4211;0;waiting for user to recenter
14-3-2024 14:43:26;0,005399335;1,203975;-0,007057941;359,2386;7,337212;359,4211;0;waiting for user to recenter
14-3-2024 14:43:26;0,005399335;1,203975;-0,007057941;359,2386;7,337212;359,4211;0;waiting for user to recenter
14-3-2024 14:43:26;0,005399335;1,203975;-0,007057941;359,2386;7,337212;359,4211;0;waiting for user to recenter
14-3-2024 14:43:26;0,005399335;1,203975;-0,007057941;359,2386;7,337212;359,4211;0;waiting for user to recenter
14-3-2024 14:43:26;0,005399335;1,203975;-0,007057941;359,2386;7,337212;359,4211;0;waiting for user to recenter
14-3-2024 14:43:26;0,005399335;1,203975;-0,007057941;359,2386;7,337212;359,4211;0;waiting for user to recenter
14-3-2024 14:43:26;0,005399335;1,203975;-0,007057941;359,2386;7,337212;359,4211;0;waiting for user to recenter
14-3-2024 14:43:26;0,005399335;1,203975;-0,007057941;359,2386;7,337212;359,4211;0;waiting for user to recenter
14-3-2024 14:43:26;0,005399335;1,203975;-0,007057941;359,2386;7,337212;359,4211;0;waiting for user to recenter
14-3-2024 14:43:26;0,005399335;1,203975;-0,007057941;359,2386;7,337212;359,4211;0;waiting for user to recenter
14-3-2024 14:43:26;0,005399335;1,203975;-0,007057941;359,2386;7,337212;359,4211;0;waiting for user to recenter
14-3-2024 14:43:26;0,005399335;1,203975;-0,007057941;359,2386;7,337212;359,4211;0;waiting for user to recenter
14-3-2024 14:43:26;0,005399335;1,203975;-0,007057941;359,2386;7,337212;359,4211;0;waiting for user to recenter
14-3-2024 14:43:26;0,005399335;1,203975;-0,007057941;359,2386;7,337212;359,4211;0;waiting for user to recenter
14-3-2024 14:43:26;0,005399335;1,203975;-0,007057941;359,2386;7,337212;359,4211;0;waiting for user to recenter
14-3-2024 14:43:26;0,005399335;1,203975;-0,007057941;359,2386;7,337212;359,4211;0;waiting for user to recenter
14-3-2024 14:43:26;0,005399335;1,203975;-0,007057941;359,2386;7,337212;359,4211;0;waiting for user to recenter
14-3-2024 14:43:26;0,005399335;1,203975;-0,007057941;359,2386;7,337212;359,4211;0;waiting for user to recenter
14-3-2024 14:43:26;0,005399335;1,203975;-0,007057941;359,2386;7,337212;359,4211;0;waiting for user to recenter
14-3-2024 14:43:26;0,005399335;1,203975;-0,007057941;359,2386;7,337212;359,4211;0;waiting for user to recenter
14-3-2024 14:43:26;0,005399335;1,203975;-0,007057941;359,2386;7,337212;359,4211;0;waiting for user to recenter
14-3-2024 14:43:26;0,005399335;1,203975;-0,007057941;359,2386;7,337212;359,4211;0;waiting for user to recenter
14-3-2024 14:43:26;0,005399335;1,203975;-0,007057941;359,2386;7,337212;359,4211;0;waiting for user to recenter
14-3-2024 14:43:26;0,005399335;1,203975;-0,007057941;359,2386;7,337212;359,4211;0;waiting for user to recenter
14-3-2024 14:43:26;0,005399335;1,203975;-0,007057941;359,2386;7,337212;359,4211;0;waiting for user to recenter
14-3-2024 14:43:26;0,005399335;1,203975;-0,007057941;359,2386;7,337212;359,4211;0;waiting for user to recenter
14-3-2024 14:43:26;0,005399335;1,203975;-0,007057941;359,2386;7,337212;359,4211;0;waiting for user to recenter
14-3-2024 14:43:26;0,005399335;1,203975;-0,007057941;359,2386;7,337212;359,4211;0;waiting for user to recenter
14-3-2024 14:43:26;0,005399335;1,203975;-0,007057941;359,2386;7,337212;359,4211;0;waiting for user to recenter
14-3-2024 14:43:26;0,005399335;1,203975;-0,007057941;359,2386;7,337212;359,4211;0;waiting for user to recenter
14-3-2024 14:43:26;0,005399335;1,203975;-0,007057941;359,2386;7,337212;359,4211;0;waiting for user to recenter
14-3-2024 14:43:26;0,005399335;1,203975;-0,007057941;359,2386;7,337212;359,4211;0;waiting for user to recenter
14-3-2024 14:43:26;0,005399335;1,203975;-0,007057941;359,2386;7,337212;359,4211;0;waiting for user to recenter
14-3-2024 14:43:26;0,005399335;1,203975;-0,007057941;359,2386;7,337212;359,4211;0;waiting for user to recenter
14-3-2024 14:43:26;0,005399335;1,203975;-0,007057941;359,2386;7,337212;359,4211;0;waiting for user to recenter
14-3-2024 14:43:26;0,005399335;1,203975;-0,007057941;359,2386;7,337212;359,4211;0;waiting for user to recenter
14-3-2024 14:43:26;0,005399335;1,203975;-0,007057941;359,2386;7,337212;359,4211;0;waiting for user to recenter
14-3-2024 14:43:26;0,005399335;1,203975;-0,007057941;359,2386;7,337212;359,4211;0;waiting for user to recenter
14-3-2024 14:43:26;0,005399335;1,203975;-0,007057941;359,2386;7,337212;359,4211;0;waiting for user to recenter
14-3-2024 14:43:26;0,005399335;1,203975;-0,007057941;359,2386;7,337212;359,4211;0;waiting for user to recenter
14-3-2024 14:43:26;0,005399335;1,203975;-0,007057941;359,2386;7,337212;359,4211;0;waiting for user to recenter
14-3-2024 14:43:26;0,005399335;1,203975;-0,007057941;359,2386;7,337212;359,4211;0;waiting for user to recenter
14-3-2024 14:43:26;0,005399335;1,203975;-0,007057941;359,2386;7,337212;359,4211;0;waiting for user to recenter
14-3-2024 14:43:26;0,005399335;1,203975;-0,007057941;359,2386;7,337212;359,4211;0;waiting for user to recenter
14-3-2024 14:43:26;0,005399335;1,203975;-0,007057941;359,2386;7,337212;359,4211;0;waiting for user to recenter
14-3-2024 14:43:26;0,005399335;1,203975;-0,007057941;359,2386;7,337212;359,4211;0;waiting for user to recenter
14-3-2024 14:43:26;0,005399335;1,203975;-0,007057941;359,2386;7,337212;359,4211;0;waiting for user to recenter
14-3-2024 14:43:26;0,005399335;1,203975;-0,007057941;359,2386;7,337212;359,4211;0;waiting for user to recenter
14-3-2024 14:43:26;0,005399335;1,203975;-0,007057941;359,2386;7,337212;359,4211;0;waiting for user to recenter
14-3-2024 14:43:26;0,005399335;1,203975;-0,007057941;359,2386;7,337212;359,4211;0;waiting for user to recenter
14-3-2024 14:43:26;0,005399335;1,203975;-0,007057941;359,2386;7,337212;359,4211;0;waiting for user to recenter
14-3-2024 14:43:26;0,005399335;1,203975;-0,007057941;359,2386;7,337212;359,4211;0;waiting for user to recenter
14-3-2024 14:43:26;0,005399335;1,203975;-0,007057941;359,2386;7,337212;359,4211;0;waiting for user to recenter
14-3-2024 14:43:26;0,005399335;1,203975;-0,007057941;359,2386;7,337212;359,4211;0;waiting for user to recenter
14-3-2024 14:43:26;0,005399335;1,203975;-0,007057941;359,2386;7,337212;359,4211;0;waiting for user to recenter
14-3-2024 14:43:26;0,005399335;1,203975;-0,007057941;359,2386;7,337212;359,4211;0;waiting for user to recenter
14-3-2024 14:43:26;0,005399335;1,203975;-0,007057941;359,2386;7,337212;359,4211;0;waiting for user to recenter
14-3-2024 14:43:26;0,005399335;1,203975;-0,007057941;359,2386;7,337212;359,4211;0;waiting for user to recenter
14-3-2024 14:43:26;0,005399335;1,203975;-0,007057941;359,2386;7,337212;359,4211;0;waiting for user to recenter
14-3-2024 14:43:26;0,005399335;1,203975;-0,007057941;359,2386;7,337212;359,4211;0;waiting for user to recenter
14-3-2024 14:43:26;0,005399335;1,203975;-0,007057941;359,2386;7,337212;359,4211;0;waiting for user to recenter
14-3-2024 14:43:26;0,005399335;1,203975;-0,007057941;359,2386;7,337212;359,4211;0;waiting for user to recenter
14-3-2024 14:43:26;0,005399335;1,203975;-0,007057941;359,2386;7,337212;359,4211;0;waiting for user to recenter
14-3-2024 14:43:26;0,005399335;1,203975;-0,007057941;359,2386;7,337212;359,4211;0;waiting for user to recenter
14-3-2024 14:43:26;0,005399335;1,203975;-0,007057941;359,2386;7,337212;359,4211;0;waiting for user to recenter
14-3-2024 14:43:26;0,005399335;1,203975;-0,007057941;359,2386;7,337212;359,4211;0;waiting for user to recenter
14-3-2024 14:43:26;0,005399335;1,203975;-0,007057941;359,2386;7,337212;359,4211;0;waiting for user to recenter
14-3-2024 14:43:26;0,005399335;1,203975;-0,007057941;359,2386;7,337212;359,4211;0;waiting for user to recenter
14-3-2024 14:43:27;0,005399335;1,203975;-0,007057941;359,2386;7,337212;359,4211;0;waiting for user to recenter
14-3-2024 14:43:27;0,005399335;1,203975;-0,007057941;359,2386;7,337212;359,4211;0;waiting for user to recenter
14-3-2024 14:43:27;0,005399335;1,203975;-0,007057941;359,2386;7,337212;359,4211;0;waiting for user to recenter
14-3-2024 14:43:27;0,005399335;1,203975;-0,007057941;359,2386;7,337212;359,4211;0;waiting for user to recenter
14-3-2024 14:43:27;0,005399335;1,203975;-0,007057941;359,2386;7,337212;359,4211;0;waiting for user to recenter
14-3-2024 14:43:27;0,005399335;1,203975;-0,007057941;359,2386;7,337212;359,4211;0;waiting for user to recenter
14-3-2024 14:43:27;0,005399335;1,203975;-0,007057941;359,2386;7,337212;359,4211;0;waiting for user to recenter
14-3-2024 14:43:27;0,005399335;1,203975;-0,007057941;359,2386;7,337212;359,4211;0;waiting for user to recenter
14-3-2024 14:43:27;0,005399335;1,203975;-0,007057941;359,2386;7,337212;359,4211;0;waiting for user to recenter
14-3-2024 14:43:27;0,005399335;1,203975;-0,007057941;359,2386;7,337212;359,4211;0;waiting for user to recenter
14-3-2024 14:43:27;0,005399335;1,203975;-0,007057941;359,2386;7,337212;359,4211;0;waiting for user to recenter
14-3-2024 14:43:27;0,005399335;1,203975;-0,007057941;359,2386;7,337212;359,4211;0;waiting for user to recenter
14-3-2024 14:43:27;0,005399335;1,203975;-0,007057941;359,2386;7,337212;359,4211;0;waiting for user to recenter
14-3-2024 14:43:27;0,005399335;1,203975;-0,007057941;359,2386;7,337212;359,4211;0;waiting for user to recenter
14-3-2024 14:43:27;0,005399335;1,203975;-0,007057941;359,2386;7,337212;359,4211;0;waiting for user to recenter
14-3-2024 14:43:27;0,005399335;1,203975;-0,007057941;359,2386;7,337212;359,4211;0;waiting for user to recenter
14-3-2024 14:43:27;0,005399335;1,203975;-0,007057941;359,2386;7,337212;359,4211;0;waiting for user to recenter
14-3-2024 14:43:27;0,005399335;1,203975;-0,007057941;359,2386;7,337212;359,4211;0;waiting for user to recenter
14-3-2024 14:43:27;0,005399335;1,203975;-0,007057941;359,2386;7,337212;359,4211;0;waiting for user to recenter
14-3-2024 14:43:27;0,005399335;1,203975;-0,007057941;359,2386;7,337212;359,4211;0;waiting for user to recenter
14-3-2024 14:43:27;0,005399335;1,203975;-0,007057941;359,2386;7,337212;359,4211;0;waiting for user to recenter
14-3-2024 14:43:27;0,005399335;1,203975;-0,007057941;359,2386;7,337212;359,4211;0;waiting for user to recenter
14-3-2024 14:43:27;0,005399335;1,203975;-0,007057941;359,2386;7,337212;359,4211;0;waiting for user to recenter
14-3-2024 14:43:27;0,005399335;1,203975;-0,007057941;359,2386;7,337212;359,4211;0;waiting for user to recenter
14-3-2024 14:43:27;0,005399335;1,203975;-0,007057941;359,2386;7,337212;359,4211;0;waiting for user to recenter
14-3-2024 14:43:27;0,005399335;1,203975;-0,007057941;359,2386;7,337212;359,4211;0;waiting for user to recenter
14-3-2024 14:43:27;0,005399335;1,203975;-0,007057941;359,2386;7,337212;359,4211;0;waiting for user to recenter
14-3-2024 14:43:27;0,005399335;1,203975;-0,007057941;359,2386;7,337212;359,4211;0;waiting for user to recenter
14-3-2024 14:43:27;0,005399335;1,203975;-0,007057941;359,2386;7,337212;359,4211;0;waiting for user to recenter
14-3-2024 14:43:27;0,005399335;1,203975;-0,007057941;359,2386;7,337212;359,4211;0;waiting for user to recenter
14-3-2024 14:43:27;0,005399335;1,203975;-0,007057941;359,2386;7,337212;359,4211;0;waiting for user to recenter
14-3-2024 14:43:27;0,005399335;1,203975;-0,007057941;359,2386;7,337212;359,4211;0;waiting for user to recenter
14-3-2024 14:43:27;0,005399335;1,203975;-0,007057941;359,2386;7,337212;359,4211;0;waiting for user to recenter
14-3-2024 14:43:27;0,005399335;1,203975;-0,007057941;359,2386;7,337212;359,4211;0;waiting for user to recenter
14-3-2024 14:43:27;0,005399335;1,203975;-0,007057941;359,2386;7,337212;359,4211;0;waiting for user to recenter
14-3-2024 14:43:27;0,005399335;1,203975;-0,007057941;359,2386;7,337212;359,4211;0;waiting for user to recenter
14-3-2024 14:43:27;0,005399335;1,203975;-0,007057941;359,2386;7,337212;359,4211;0;waiting for user to recenter
14-3-2024 14:43:27;0,005399335;1,203975;-0,007057941;359,2386;7,337212;359,4211;0;waiting for user to recenter
14-3-2024 14:43:27;0,005399335;1,203975;-0,007057941;359,2386;7,337212;359,4211;0;waiting for user to recenter
14-3-2024 14:43:27;0,005399335;1,203975;-0,007057941;359,2386;7,337212;359,4211;0;waiting for user to recenter
14-3-2024 14:43:27;0,005399335;1,203975;-0,007057941;359,2386;7,337212;359,4211;0;waiting for user to recenter
14-3-2024 14:43:27;0,005399335;1,203975;-0,007057941;359,2386;7,337212;359,4211;0;waiting for user to recenter
14-3-2024 14:43:27;0,005399335;1,203975;-0,007057941;359,2386;7,337212;359,4211;0;waiting for user to recenter
14-3-2024 14:43:27;0,005399335;1,203975;-0,007057941;359,2386;7,337212;359,4211;0;waiting for user to recenter
14-3-2024 14:43:27;0,005399335;1,203975;-0,007057941;359,2386;7,337212;359,4211;0;waiting for user to recenter
14-3-2024 14:43:27;0,005399335;1,203975;-0,007057941;359,2386;7,337212;359,4211;0;waiting for user to recenter
14-3-2024 14:43:27;0,005399335;1,203975;-0,007057941;359,2386;7,337212;359,4211;0;waiting for user to recenter
14-3-2024 14:43:27;0,005399335;1,203975;-0,007057941;359,2386;7,337212;359,4211;0;waiting for user to recenter
14-3-2024 14:43:27;0,005399335;1,203975;-0,007057941;359,2386;7,337212;359,4211;0;waiting for user to recenter
14-3-2024 14:43:27;0,005399335;1,203975;-0,007057941;359,2386;7,337212;359,4211;0;waiting for user to recenter
14-3-2024 14:43:27;0,005399335;1,203975;-0,007057941;359,2386;7,337212;359,4211;0;waiting for user to recenter
14-3-2024 14:43:27;0,005399335;1,203975;-0,007057941;359,2386;7,337212;359,4211;0;waiting for user to recenter
14-3-2024 14:43:27;0,005399335;1,203975;-0,007057941;359,2386;7,337212;359,4211;0;waiting for user to recenter
14-3-2024 14:43:27;0,005399335;1,203975;-0,007057941;359,2386;7,337212;359,4211;0;waiting for user to recenter
14-3-2024 14:43:27;0,005399335;1,203975;-0,007057941;359,2386;7,337212;359,4211;0;waiting for user to recenter
14-3-2024 14:43:27;0,005399335;1,203975;-0,007057941;359,2386;7,337212;359,4211;0;waiting for user to recenter
14-3-2024 14:43:27;0,005399335;1,203975;-0,007057941;359,2386;7,337212;359,4211;0;waiting for user to recenter
14-3-2024 14:43:27;0,005399335;1,203975;-0,007057941;359,2386;7,337212;359,4211;0;waiting for user to recenter
14-3-2024 14:43:27;0,005399335;1,203975;-0,007057941;359,2386;7,337212;359,4211;0;waiting for user to recenter
14-3-2024 14:43:27;0,005399335;1,203975;-0,007057941;359,2386;7,337212;359,4211;0;waiting for user to recenter
14-3-2024 14:43:27;0,005399335;1,203975;-0,007057941;359,2386;7,337212;359,4211;0;waiting for user to recenter
14-3-2024 14:43:27;0,005399335;1,203975;-0,007057941;359,2386;7,337212;359,4211;0;waiting for user to recenter
14-3-2024 14:43:27;0,005399335;1,203975;-0,007057941;359,2386;7,337212;359,4211;0;waiting for user to recenter
14-3-2024 14:43:27;0,005399335;1,203975;-0,007057941;359,2386;7,337212;359,4211;0;waiting for user to recenter
14-3-2024 14:43:27;0,005399335;1,203975;-0,007057941;359,2386;7,337212;359,4211;0;waiting for user to recenter
14-3-2024 14:43:27;0,005399335;1,203975;-0,007057941;359,2386;7,337212;359,4211;0;waiting for user to recenter
14-3-2024 14:43:27;0,005399335;1,203975;-0,007057941;359,2386;7,337212;359,4211;0;waiting for user to recenter
14-3-2024 14:43:27;0,005399335;1,203975;-0,007057941;359,2386;7,337212;359,4211;0;waiting for user to recenter
14-3-2024 14:43:27;0,005399335;1,203975;-0,007057941;359,2386;7,337212;359,4211;0;waiting for user to recenter
14-3-2024 14:43:27;0,005399335;1,203975;-0,007057941;359,2386;7,337212;359,4211;0;waiting for user to recenter
14-3-2024 14:43:27;0,005399335;1,203975;-0,007057941;359,2386;7,337212;359,4211;0;waiting for user to recenter
14-3-2024 14:43:28;0,005399335;1,203975;-0,007057941;359,2386;7,337212;359,4211;0;waiting for user to recenter
14-3-2024 14:43:28;0,005399335;1,203975;-0,007057941;359,2386;7,337212;359,4211;0;waiting for user to recenter
14-3-2024 14:43:28;0,005399335;1,203975;-0,007057941;359,2386;7,337212;359,4211;0;waiting for user to recenter
14-3-2024 14:43:28;0,005399335;1,203975;-0,007057941;359,2386;7,337212;359,4211;0;waiting for user to recenter
14-3-2024 14:43:28;0,005399335;1,203975;-0,007057941;359,2386;7,337212;359,4211;0;waiting for user to recenter
14-3-2024 14:43:28;0,005399335;1,203975;-0,007057941;359,2386;7,337212;359,4211;0;waiting for user to recenter
14-3-2024 14:43:28;0,005399335;1,203975;-0,007057941;359,2386;7,337212;359,4211;0;waiting for user to recenter
14-3-2024 14:43:28;0,005399335;1,203975;-0,007057941;359,2386;7,337212;359,4211;0;waiting for user to recenter
14-3-2024 14:43:28;0,005399335;1,203975;-0,007057941;359,2386;7,337212;359,4211;0;waiting for user to recenter
14-3-2024 14:43:28;0,005399335;1,203975;-0,007057941;359,2386;7,337212;359,4211;0;waiting for user to recenter
14-3-2024 14:43:28;0,005399335;1,203975;-0,007057941;359,2386;7,337212;359,4211;0;waiting for user to recenter
14-3-2024 14:43:28;0,005399335;1,203975;-0,007057941;359,2386;7,337212;359,4211;0;waiting for user to recenter
14-3-2024 14:43:28;0,005399335;1,203975;-0,007057941;359,2386;7,337212;359,4211;0;waiting for user to recenter
14-3-2024 14:43:28;0,005399335;1,203975;-0,007057941;359,2386;7,337212;359,4211;0;waiting for user to recenter
14-3-2024 14:43:28;0,005399335;1,203975;-0,007057941;359,2386;7,337212;359,4211;0;waiting for user to recenter
14-3-2024 14:43:28;0,005399335;1,203975;-0,007057941;359,2386;7,337212;359,4211;0;waiting for user to recenter
14-3-2024 14:43:28;0,005399335;1,203975;-0,007057941;359,2386;7,337212;359,4211;0;waiting for user to recenter
14-3-2024 14:43:28;0,005399335;1,203975;-0,007057941;359,2386;7,337212;359,4211;0;waiting for user to recenter
14-3-2024 14:43:28;0,005399335;1,203975;-0,007057941;359,2386;7,337212;359,4211;0;waiting for user to recenter
14-3-2024 14:43:28;0,005399335;1,203975;-0,007057941;359,2386;7,337212;359,4211;0;waiting for user to recenter
14-3-2024 14:43:28;0,005399335;1,203975;-0,007057941;359,2386;7,337212;359,4211;0;waiting for user to recenter
14-3-2024 14:43:28;0,005399335;1,203975;-0,007057941;359,2386;7,337212;359,4211;0;waiting for user to recenter
14-3-2024 14:43:28;0,005399335;1,203975;-0,007057941;359,2386;7,337212;359,4211;0;waiting for user to recenter
14-3-2024 14:43:28;0,005399335;1,203975;-0,007057941;359,2386;7,337212;359,4211;0;waiting for user to recenter
14-3-2024 14:43:28;0,005399335;1,203975;-0,007057941;359,2386;7,337212;359,4211;0;waiting for user to recenter
14-3-2024 14:43:28;0,005399335;1,203975;-0,007057941;359,2386;7,337212;359,4211;0;waiting for user to recenter
14-3-2024 14:43:28;0,005399335;1,203975;-0,007057941;359,2386;7,337212;359,4211;0;waiting for user to recenter
14-3-2024 14:43:28;0,005399335;1,203975;-0,007057941;359,2386;7,337212;359,4211;0;waiting for user to recenter
14-3-2024 14:43:28;0,005399335;1,203975;-0,007057941;359,2386;7,337212;359,4211;0;waiting for user to recenter
14-3-2024 14:43:28;0,005399335;1,203975;-0,007057941;359,2386;7,337212;359,4211;0;waiting for user to recenter
14-3-2024 14:43:28;0,005399335;1,203975;-0,007057941;359,2386;7,337212;359,4211;0;waiting for user to recenter
14-3-2024 14:43:28;0,005399335;1,203975;-0,007057941;359,2386;7,337212;359,4211;0;waiting for user to recenter
14-3-2024 14:43:28;0,005399335;1,203975;-0,007057941;359,2386;7,337212;359,4211;0;waiting for user to recenter
14-3-2024 14:43:28;0,005399335;1,203975;-0,007057941;359,2386;7,337212;359,4211;0;waiting for user to recenter
14-3-2024 14:43:28;0,005399335;1,203975;-0,007057941;359,2386;7,337212;359,4211;0;waiting for user to recenter
14-3-2024 14:43:28;0,005399335;1,203975;-0,007057941;359,2386;7,337212;359,4211;0;waiting for user to recenter
14-3-2024 14:43:28;0,005399335;1,203975;-0,007057941;359,2386;7,337212;359,4211;0;waiting for user to recenter
14-3-2024 14:43:28;0,005399335;1,203975;-0,007057941;359,2386;7,337212;359,4211;0;waiting for user to recenter
14-3-2024 14:43:28;0,005399335;1,203975;-0,007057941;359,2386;7,337212;359,4211;0;waiting for user to recenter
14-3-2024 14:43:28;0,005399335;1,203975;-0,007057941;359,2386;7,337212;359,4211;0;waiting for user to recenter
14-3-2024 14:43:28;0,005399335;1,203975;-0,007057941;359,2386;7,337212;359,4211;0;waiting for user to recenter
14-3-2024 14:43:28;0,005399335;1,203975;-0,007057941;359,2386;7,337212;359,4211;0;waiting for user to recenter
14-3-2024 14:43:28;0,005399335;1,203975;-0,007057941;359,2386;7,337212;359,4211;0;waiting for user to recenter
14-3-2024 14:43:28;0,005399335;1,203975;-0,007057941;359,2386;7,337212;359,4211;0;waiting for user to recenter
14-3-2024 14:43:28;0,005399335;1,203975;-0,007057941;359,2386;7,337212;359,4211;0;waiting for user to recenter
14-3-2024 14:43:28;0,005399335;1,203975;-0,007057941;359,2386;7,337212;359,4211;0;waiting for user to recenter
14-3-2024 14:43:28;0,005399335;1,203975;-0,007057941;359,2386;7,337212;359,4211;0;waiting for user to recenter
14-3-2024 14:43:28;0,005399335;1,203975;-0,007057941;359,2386;7,337212;359,4211;0;waiting for user to recenter
14-3-2024 14:43:28;0,005399335;1,203975;-0,007057941;359,2386;7,337212;359,4211;0;waiting for user to recenter
14-3-2024 14:43:28;0,005399335;1,203975;-0,007057941;359,2386;7,337212;359,4211;0;waiting for user to recenter
14-3-2024 14:43:28;0,005399335;1,203975;-0,007057941;359,2386;7,337212;359,4211;0;waiting for user to recenter
14-3-2024 14:43:28;0,005399335;1,203975;-0,007057941;359,2386;7,337212;359,4211;0;waiting for user to recenter
14-3-2024 14:43:28;0,005399335;1,203975;-0,007057941;359,2386;7,337212;359,4211;0;waiting for user to recenter
14-3-2024 14:43:28;0,005399335;1,203975;-0,007057941;359,2386;7,337212;359,4211;0;waiting for user to recenter
14-3-2024 14:43:28;0,005399335;1,203975;-0,007057941;359,2386;7,337212;359,4211;0;waiting for user to recenter
14-3-2024 14:43:28;0,005399335;1,203975;-0,007057941;359,2386;7,337212;359,4211;0;waiting for user to recenter
14-3-2024 14:43:28;0,005399335;1,203975;-0,007057941;359,2386;7,337212;359,4211;0;waiting for user to recenter
14-3-2024 14:43:28;0,005399335;1,203975;-0,007057941;359,2386;7,337212;359,4211;0;waiting for user to recenter
14-3-2024 14:43:28;0,005399335;1,203975;-0,007057941;359,2386;7,337212;359,4211;0;waiting for user to recenter
14-3-2024 14:43:28;0,005399335;1,203975;-0,007057941;359,2386;7,337212;359,4211;0;waiting for user to recenter
14-3-2024 14:43:28;0,005399335;1,203975;-0,007057941;359,2386;7,337212;359,4211;0;waiting for user to recenter
14-3-2024 14:43:28;0,005399335;1,203975;-0,007057941;359,2386;7,337212;359,4211;0;waiting for user to recenter
14-3-2024 14:43:28;0,005399335;1,203975;-0,007057941;359,2386;7,337212;359,4211;0;waiting for user to recenter
14-3-2024 14:43:28;0,005399335;1,203975;-0,007057941;359,2386;7,337212;359,4211;0;waiting for user to recenter
14-3-2024 14:43:28;0,005399335;1,203975;-0,007057941;359,2386;7,337212;359,4211;0;waiting for user to recenter
14-3-2024 14:43:28;0,005399335;1,203975;-0,007057941;359,2386;7,337212;359,4211;0;waiting for user to recenter
14-3-2024 14:43:28;0,005399335;1,203975;-0,007057941;359,2386;7,337212;359,4211;0;waiting for user to recenter
14-3-2024 14:43:28;0,005399335;1,203975;-0,007057941;359,2386;7,337212;359,4211;0;waiting for user to recenter
14-3-2024 14:43:28;0,005399335;1,203975;-0,007057941;359,2386;7,337212;359,4211;0;waiting for user to recenter
14-3-2024 14:43:28;0,005399335;1,203975;-0,007057941;359,2386;7,337212;359,4211;0;waiting for user to recenter
14-3-2024 14:43:28;0,005399335;1,203975;-0,007057941;359,2386;7,337212;359,4211;0;waiting for user to recenter
14-3-2024 14:43:28;0,005399335;1,203975;-0,007057941;359,2386;7,337212;359,4211;0;waiting for user to recenter
14-3-2024 14:43:29;0,005399335;1,203975;-0,007057941;359,2386;7,337212;359,4211;0;waiting for user to recenter
14-3-2024 14:43:29;0,005399335;1,203975;-0,007057941;359,2386;7,337212;359,4211;0;waiting for user to recenter
14-3-2024 14:43:29;0,005399335;1,203975;-0,007057941;359,2386;7,337212;359,4211;0;waiting for user to recenter
14-3-2024 14:43:29;0,005399335;1,203975;-0,007057941;359,2386;7,337212;359,4211;0;waiting for user to recenter
14-3-2024 14:43:29;0,005399335;1,203975;-0,007057941;359,2386;7,337212;359,4211;0;waiting for user to recenter
14-3-2024 14:43:29;0,005399335;1,203975;-0,007057941;359,2386;7,337212;359,4211;0;waiting for user to recenter
14-3-2024 14:43:29;0,005399335;1,203975;-0,007057941;359,2386;7,337212;359,4211;0;waiting for user to recenter
14-3-2024 14:43:29;0,005399335;1,203975;-0,007057941;359,2386;7,337212;359,4211;0;waiting for user to recenter
14-3-2024 14:43:29;0,005399335;1,203975;-0,007057941;359,2386;7,337212;359,4211;0;waiting for user to recenter
14-3-2024 14:43:29;0,005399335;1,203975;-0,007057941;359,2386;7,337212;359,4211;0;waiting for user to recenter
14-3-2024 14:43:29;0,005399335;1,203975;-0,007057941;359,2386;7,337212;359,4211;0;waiting for user to recenter
14-3-2024 14:43:29;0,005399335;1,203975;-0,007057941;359,2386;7,337212;359,4211;0;waiting for user to recenter
14-3-2024 14:43:29;0,005399335;1,203975;-0,007057941;359,2386;7,337212;359,4211;0;waiting for user to recenter
14-3-2024 14:43:29;0,005399335;1,203975;-0,007057941;359,2386;7,337212;359,4211;0;waiting for user to recenter
14-3-2024 14:43:29;0,005399335;1,203975;-0,007057941;359,2386;7,337212;359,4211;0;waiting for user to recenter
14-3-2024 14:43:29;0,005399335;1,203975;-0,007057941;359,2386;7,337212;359,4211;0;waiting for user to recenter
14-3-2024 14:43:29;0,005399335;1,203975;-0,007057941;359,2386;7,337212;359,4211;0;waiting for user to recenter
14-3-2024 14:43:29;0,005399335;1,203975;-0,007057941;359,2386;7,337212;359,4211;0;waiting for user to recenter
14-3-2024 14:43:29;0,005399335;1,203975;-0,007057941;359,2386;7,337212;359,4211;0;waiting for user to recenter
14-3-2024 14:43:29;0,005399335;1,203975;-0,007057941;359,2386;7,337212;359,4211;0;waiting for user to recenter
14-3-2024 14:43:29;0,005399335;1,203975;-0,007057941;359,2386;7,337212;359,4211;0;waiting for user to recenter
14-3-2024 14:43:29;0,005399335;1,203975;-0,007057941;359,2386;7,337212;359,4211;0;waiting for user to recenter
14-3-2024 14:43:29;0,005399335;1,203975;-0,007057941;359,2386;7,337212;359,4211;0;waiting for user to recenter
14-3-2024 14:43:29;0,005399335;1,203975;-0,007057941;359,2386;7,337212;359,4211;0;waiting for user to recenter
14-3-2024 14:43:29;0,005399335;1,203975;-0,007057941;359,2386;7,337212;359,4211;0;waiting for user to recenter
14-3-2024 14:43:29;0,005399335;1,203975;-0,007057941;359,2386;7,337212;359,4211;0;waiting for user to recenter
14-3-2024 14:43:29;0,005399335;1,203975;-0,007057941;359,2386;7,337212;359,4211;0;waiting for user to recenter
14-3-2024 14:43:29;0,005399335;1,203975;-0,007057941;359,2386;7,337212;359,4211;0;waiting for user to recenter
14-3-2024 14:43:29;0,005399335;1,203975;-0,007057941;359,2386;7,337212;359,4211;0;waiting for user to recenter
14-3-2024 14:43:29;0,005399335;1,203975;-0,007057941;359,2386;7,337212;359,4211;0;waiting for user to recenter
14-3-2024 14:43:29;0,005399335;1,203975;-0,007057941;359,2386;7,337212;359,4211;0;waiting for user to recenter
14-3-2024 14:43:29;0,005399335;1,203975;-0,007057941;359,2386;7,337212;359,4211;0;waiting for user to recenter
14-3-2024 14:43:29;0,005399335;1,203975;-0,007057941;359,2386;7,337212;359,4211;0;waiting for user to recenter
14-3-2024 14:43:29;0,005399335;1,203975;-0,007057941;359,2386;7,337212;359,4211;0;waiting for user to recenter
14-3-2024 14:43:29;0,005399335;1,203975;-0,007057941;359,2386;7,337212;359,4211;0;waiting for user to recenter
14-3-2024 14:43:29;0,005399335;1,203975;-0,007057941;359,2386;7,337212;359,4211;0;waiting for user to recenter
14-3-2024 14:43:29;0,005399335;1,203975;-0,007057941;359,2386;7,337212;359,4211;0;waiting for user to recenter
14-3-2024 14:43:29;0,005399335;1,203975;-0,007057941;359,2386;7,337212;359,4211;0;waiting for user to recenter
14-3-2024 14:43:29;0,005399335;1,203975;-0,007057941;359,2386;7,337212;359,4211;0;waiting for user to recenter
14-3-2024 14:43:29;0,005399335;1,203975;-0,007057941;359,2386;7,337212;359,4211;0;waiting for user to recenter
14-3-2024 14:43:29;0,005399335;1,203975;-0,007057941;359,2386;7,337212;359,4211;0;waiting for user to recenter
14-3-2024 14:43:29;0,005399335;1,203975;-0,007057941;359,2386;7,337212;359,4211;0;waiting for user to recenter
14-3-2024 14:43:29;0,005399335;1,203975;-0,007057941;359,2386;7,337212;359,4211;0;waiting for user to recenter
14-3-2024 14:43:29;0,005399335;1,203975;-0,007057941;359,2386;7,337212;359,4211;0;waiting for user to recenter
14-3-2024 14:43:29;0,005399335;1,203975;-0,007057941;359,2386;7,337212;359,4211;0;waiting for user to recenter
14-3-2024 14:43:29;0,005399335;1,203975;-0,007057941;359,2386;7,337212;359,4211;0;waiting for user to recenter
14-3-2024 14:43:29;0,005399335;1,203975;-0,007057941;359,2386;7,337212;359,4211;0;waiting for user to recenter
14-3-2024 14:43:29;0,005399335;1,203975;-0,007057941;359,2386;7,337212;359,4211;0;waiting for user to recenter
14-3-2024 14:43:29;0,005399335;1,203975;-0,007057941;359,2386;7,337212;359,4211;0;waiting for user to recenter
14-3-2024 14:43:29;0,005399335;1,203975;-0,007057941;359,2386;7,337212;359,4211;0;waiting for user to recenter
14-3-2024 14:43:29;0,005399335;1,203975;-0,007057941;359,2386;7,337212;359,4211;0;waiting for user to recenter
14-3-2024 14:43:29;0,005399335;1,203975;-0,007057941;359,2386;7,337212;359,4211;0;waiting for user to recenter
14-3-2024 14:43:29;0,005399335;1,203975;-0,007057941;359,2386;7,337212;359,4211;0;waiting for user to recenter
14-3-2024 14:43:29;0,005399335;1,203975;-0,007057941;359,2386;7,337212;359,4211;0;waiting for user to recenter
14-3-2024 14:43:29;0,005399335;1,203975;-0,007057941;359,2386;7,337212;359,4211;0;waiting for user to recenter
14-3-2024 14:43:29;0,005399335;1,203975;-0,007057941;359,2386;7,337212;359,4211;0;waiting for user to recenter
14-3-2024 14:43:29;0,005399335;1,203975;-0,007057941;359,2386;7,337212;359,4211;0;waiting for user to recenter
14-3-2024 14:43:29;0,005399335;1,203975;-0,007057941;359,2386;7,337212;359,4211;0;waiting for user to recenter
14-3-2024 14:43:29;0,005399335;1,203975;-0,007057941;359,2386;7,337212;359,4211;0;waiting for user to recenter
14-3-2024 14:43:29;0,005399335;1,203975;-0,007057941;359,2386;7,337212;359,4211;0;waiting for user to recenter
14-3-2024 14:43:29;0,005399335;1,203975;-0,007057941;359,2386;7,337212;359,4211;0;waiting for user to recenter
14-3-2024 14:43:29;0,005399335;1,203975;-0,007057941;359,2386;7,337212;359,4211;0;waiting for user to recenter
14-3-2024 14:43:29;0,005399335;1,203975;-0,007057941;359,2386;7,337212;359,4211;0;waiting for user to recenter
14-3-2024 14:43:29;0,005399335;1,203975;-0,007057941;359,2386;7,337212;359,4211;0;waiting for user to recenter
14-3-2024 14:43:29;0,005399335;1,203975;-0,007057941;359,2386;7,337212;359,4211;0;waiting for user to recenter
14-3-2024 14:43:29;0,005399335;1,203975;-0,007057941;359,2386;7,337212;359,4211;0;waiting for user to recenter
14-3-2024 14:43:29;0,005399335;1,203975;-0,007057941;359,2386;7,337212;359,4211;0;waiting for user to recenter
14-3-2024 14:43:29;0,005399335;1,203975;-0,007057941;359,2386;7,337212;359,4211;0;waiting for user to recenter
14-3-2024 14:43:29;0,005399335;1,203975;-0,007057941;359,2386;7,337212;359,4211;0;waiting for user to recenter
14-3-2024 14:43:29;0,005399335;1,203975;-0,007057941;359,2386;7,337212;359,4211;0;waiting for user to recenter
14-3-2024 14:43:29;0,005399335;1,203975;-0,007057941;359,2386;7,337212;359,4211;0;waiting for user to recenter
14-3-2024 14:43:29;0,005399335;1,203975;-0,007057941;359,2386;7,337212;359,4211;0;waiting for user to recenter
14-3-2024 14:43:30;0,005399335;1,203975;-0,007057941;359,2386;7,337212;359,4211;0;waiting for user to recenter
14-3-2024 14:43:30;0,005399335;1,203975;-0,007057941;359,2386;7,337212;359,4211;0;waiting for user to recenter
14-3-2024 14:43:30;0,005399335;1,203975;-0,007057941;359,2386;7,337212;359,4211;0;waiting for user to recenter
14-3-2024 14:43:30;0,005399335;1,203975;-0,007057941;359,2386;7,337212;359,4211;0;waiting for user to recenter
14-3-2024 14:43:30;0,005399335;1,203975;-0,007057941;359,2386;7,337212;359,4211;0;waiting for user to recenter
14-3-2024 14:43:30;0,005399335;1,203975;-0,007057941;359,2386;7,337212;359,4211;0;waiting for user to recenter
14-3-2024 14:43:30;0,005399335;1,203975;-0,007057941;359,2386;7,337212;359,4211;0;waiting for user to recenter
14-3-2024 14:43:30;0,005399335;1,203975;-0,007057941;359,2386;7,337212;359,4211;0;waiting for user to recenter
14-3-2024 14:43:30;0,005399335;1,203975;-0,007057941;359,2386;7,337212;359,4211;0;waiting for user to recenter
14-3-2024 14:43:30;0,005399335;1,203975;-0,007057941;359,2386;7,337212;359,4211;0;waiting for user to recenter
14-3-2024 14:43:30;0,005399335;1,203975;-0,007057941;359,2386;7,337212;359,4211;0;waiting for user to recenter
14-3-2024 14:43:30;0,005399335;1,203975;-0,007057941;359,2386;7,337212;359,4211;0;waiting for user to recenter
14-3-2024 14:43:30;0,005399335;1,203975;-0,007057941;359,2386;7,337212;359,4211;0;waiting for user to recenter
14-3-2024 14:43:30;0,005399335;1,203975;-0,007057941;359,2386;7,337212;359,4211;0;waiting for user to recenter
14-3-2024 14:43:30;0,005399335;1,203975;-0,007057941;359,2386;7,337212;359,4211;0;waiting for user to recenter
14-3-2024 14:43:30;0,005399335;1,203975;-0,007057941;359,2386;7,337212;359,4211;0;waiting for user to recenter
14-3-2024 14:43:30;0,005399335;1,203975;-0,007057941;359,2386;7,337212;359,4211;0;waiting for user to recenter
14-3-2024 14:43:30;0,005399335;1,203975;-0,007057941;359,2386;7,337212;359,4211;0;waiting for user to recenter
14-3-2024 14:43:30;0,005399335;1,203975;-0,007057941;359,2386;7,337212;359,4211;0;waiting for user to recenter
14-3-2024 14:43:30;0,005399335;1,203975;-0,007057941;359,2386;7,337212;359,4211;0;waiting for user to recenter
14-3-2024 14:43:30;0,005399335;1,203975;-0,007057941;359,2386;7,337212;359,4211;0;waiting for user to recenter
14-3-2024 14:43:30;0,005399335;1,203975;-0,007057941;359,2386;7,337212;359,4211;0;waiting for user to recenter
14-3-2024 14:43:30;0,005399335;1,203975;-0,007057941;359,2386;7,337212;359,4211;0;waiting for user to recenter
14-3-2024 14:43:30;0,005399335;1,203975;-0,007057941;359,2386;7,337212;359,4211;0;waiting for user to recenter
14-3-2024 14:43:30;0,005399335;1,203975;-0,007057941;359,2386;7,337212;359,4211;0;waiting for user to recenter
14-3-2024 14:43:30;0,005399335;1,203975;-0,007057941;359,2386;7,337212;359,4211;0;waiting for user to recenter
14-3-2024 14:43:30;0,005399335;1,203975;-0,007057941;359,2386;7,337212;359,4211;0;waiting for user to recenter
14-3-2024 14:43:30;0,005399335;1,203975;-0,007057941;359,2386;7,337212;359,4211;0;waiting for user to recenter
14-3-2024 14:43:30;0,005399335;1,203975;-0,007057941;359,2386;7,337212;359,4211;0;waiting for user to recenter
14-3-2024 14:43:30;0,005399335;1,203975;-0,007057941;359,2386;7,337212;359,4211;0;waiting for user to recenter
14-3-2024 14:43:30;0,005399335;1,203975;-0,007057941;359,2386;7,337212;359,4211;0;waiting for user to recenter
14-3-2024 14:43:30;0,005399335;1,203975;-0,007057941;359,2386;7,337212;359,4211;0;waiting for user to recenter
14-3-2024 14:43:30;0,005399335;1,203975;-0,007057941;359,2386;7,337212;359,4211;0;waiting for user to recenter
14-3-2024 14:43:30;0,005399335;1,203975;-0,007057941;359,2386;7,337212;359,4211;0;waiting for user to recenter
14-3-2024 14:43:30;0,005399335;1,203975;-0,007057941;359,2386;7,337212;359,4211;0;waiting for user to recenter
14-3-2024 14:43:30;0,005399335;1,203975;-0,007057941;359,2386;7,337212;359,4211;0;waiting for user to recenter
14-3-2024 14:43:30;0,005399335;1,203975;-0,007057941;359,2386;7,337212;359,4211;0;waiting for user to recenter
14-3-2024 14:43:30;0,005399335;1,203975;-0,007057941;359,2386;7,337212;359,4211;0;waiting for user to recenter
14-3-2024 14:43:30;0,005399335;1,203975;-0,007057941;359,2386;7,337212;359,4211;0;waiting for user to recenter
14-3-2024 14:43:30;0,005399335;1,203975;-0,007057941;359,2386;7,337212;359,4211;0;waiting for user to recenter
14-3-2024 14:43:30;0,005399335;1,203975;-0,007057941;359,2386;7,337212;359,4211;0;waiting for user to recenter
14-3-2024 14:43:30;0,005399335;1,203975;-0,007057941;359,2386;7,337212;359,4211;0;waiting for user to recenter
14-3-2024 14:43:30;0,005399335;1,203975;-0,007057941;359,2386;7,337212;359,4211;0;waiting for user to recenter
14-3-2024 14:43:30;0,005399335;1,203975;-0,007057941;359,2386;7,337212;359,4211;0;waiting for user to recenter
14-3-2024 14:43:30;0,005399335;1,203975;-0,007057941;359,2386;7,337212;359,4211;0;waiting for user to recenter
14-3-2024 14:43:30;0,005399335;1,203975;-0,007057941;359,2386;7,337212;359,4211;0;waiting for user to recenter
14-3-2024 14:43:30;0,005399335;1,203975;-0,007057941;359,2386;7,337212;359,4211;0;waiting for user to recenter
14-3-2024 14:43:30;0,005399335;1,203975;-0,007057941;359,2386;7,337212;359,4211;0;waiting for user to recenter
14-3-2024 14:43:30;0,005399335;1,203975;-0,007057941;359,2386;7,337212;359,4211;0;waiting for user to recenter
14-3-2024 14:43:30;0,005399335;1,203975;-0,007057941;359,2386;7,337212;359,4211;0;waiting for user to recenter
14-3-2024 14:43:30;0,005399335;1,203975;-0,007057941;359,2386;7,337212;359,4211;0;waiting for user to recenter
14-3-2024 14:43:30;0,005399335;1,203975;-0,007057941;359,2386;7,337212;359,4211;0;waiting for user to recenter
14-3-2024 14:43:30;0,005399335;1,203975;-0,007057941;359,2386;7,337212;359,4211;0;waiting for user to recenter
14-3-2024 14:43:30;0,005399335;1,203975;-0,007057941;359,2386;7,337212;359,4211;0;waiting for user to recenter
14-3-2024 14:43:30;0,005399335;1,203975;-0,007057941;359,2386;7,337212;359,4211;0;waiting for user to recenter
14-3-2024 14:43:30;0,005399335;1,203975;-0,007057941;359,2386;7,337212;359,4211;0;waiting for user to recenter
14-3-2024 14:43:30;0,005399335;1,203975;-0,007057941;359,2386;7,337212;359,4211;0;waiting for user to recenter
14-3-2024 14:43:30;0,005399335;1,203975;-0,007057941;359,2386;7,337212;359,4211;0;waiting for user to recenter
14-3-2024 14:43:30;0,005399335;1,203975;-0,007057941;359,2386;7,337212;359,4211;0;waiting for user to recenter
14-3-2024 14:43:30;0,005399335;1,203975;-0,007057941;359,2386;7,337212;359,4211;0;waiting for user to recenter
14-3-2024 14:43:30;0,005399335;1,203975;-0,007057941;359,2386;7,337212;359,4211;0;waiting for user to recenter
14-3-2024 14:43:30;0,005399335;1,203975;-0,007057941;359,2386;7,337212;359,4211;0;waiting for user to recenter
14-3-2024 14:43:30;0,005399335;1,203975;-0,007057941;359,2386;7,337212;359,4211;0;waiting for user to recenter
14-3-2024 14:43:30;0,005399335;1,203975;-0,007057941;359,2386;7,337212;359,4211;0;waiting for user to recenter
14-3-2024 14:43:30;0,005399335;1,203975;-0,007057941;359,2386;7,337212;359,4211;0;waiting for user to recenter
14-3-2024 14:43:30;0,005399335;1,203975;-0,007057941;359,2386;7,337212;359,4211;0;waiting for user to recenter
14-3-2024 14:43:30;0,005399335;1,203975;-0,007057941;359,2386;7,337212;359,4211;0;waiting for user to recenter
14-3-2024 14:43:30;0,005399335;1,203975;-0,007057941;359,2386;7,337212;359,4211;0;waiting for user to recenter
14-3-2024 14:43:30;0,005399335;1,203975;-0,007057941;359,2386;7,337212;359,4211;0;waiting for user to recenter
14-3-2024 14:43:30;0,005399335;1,203975;-0,007057941;359,2386;7,337212;359,4211;0;waiting for user to recenter
14-3-2024 14:43:30;0,005399335;1,203975;-0,007057941;359,2386;7,337212;359,4211;0;waiting for user to recenter
14-3-2024 14:43:30;0,005399335;1,203975;-0,007057941;359,2386;7,337212;359,4211;0;waiting for user to recenter
14-3-2024 14:43:31;0,005399335;1,203975;-0,007057941;359,2386;7,337212;359,4211;0;waiting for user to recenter
14-3-2024 14:43:31;0,005399335;1,203975;-0,007057941;359,2386;7,337212;359,4211;0;waiting for user to recenter
14-3-2024 14:43:31;0,005399335;1,203975;-0,007057941;359,2386;7,337212;359,4211;0;waiting for user to recenter
14-3-2024 14:43:31;0,005399335;1,203975;-0,007057941;359,2386;7,337212;359,4211;0;waiting for user to recenter
14-3-2024 14:43:31;0,005399335;1,203975;-0,007057941;359,2386;7,337212;359,4211;0;waiting for user to recenter
14-3-2024 14:43:31;0,005399335;1,203975;-0,007057941;359,2386;7,337212;359,4211;0;waiting for user to recenter
14-3-2024 14:43:31;0,005399335;1,203975;-0,007057941;359,2386;7,337212;359,4211;0;waiting for user to recenter
14-3-2024 14:43:31;0,005399335;1,203975;-0,007057941;359,2386;7,337212;359,4211;0;waiting for user to recenter
14-3-2024 14:43:31;0,005399335;1,203975;-0,007057941;359,2386;7,337212;359,4211;0;waiting for user to recenter
14-3-2024 14:43:31;0,005399335;1,203975;-0,007057941;359,2386;7,337212;359,4211;0;waiting for user to recenter
14-3-2024 14:43:31;0,005399335;1,203975;-0,007057941;359,2386;7,337212;359,4211;0;waiting for user to recenter
14-3-2024 14:43:31;0,005399335;1,203975;-0,007057941;359,2386;7,337212;359,4211;0;waiting for user to recenter
14-3-2024 14:43:31;0,005399335;1,203975;-0,007057941;359,2386;7,337212;359,4211;0;waiting for user to recenter
14-3-2024 14:43:31;0,005399335;1,203975;-0,007057941;359,2386;7,337212;359,4211;0;waiting for user to recenter
14-3-2024 14:43:31;0,005399335;1,203975;-0,007057941;359,2386;7,337212;359,4211;0;waiting for user to recenter
14-3-2024 14:43:31;0,005399335;1,203975;-0,007057941;359,2386;7,337212;359,4211;0;waiting for user to recenter
14-3-2024 14:43:31;0,005399335;1,203975;-0,007057941;359,2386;7,337212;359,4211;0;waiting for user to recenter
14-3-2024 14:43:31;0,005399335;1,203975;-0,007057941;359,2386;7,337212;359,4211;0;waiting for user to recenter
14-3-2024 14:43:31;0,005399335;1,203975;-0,007057941;359,2386;7,337212;359,4211;0;waiting for user to recenter
14-3-2024 14:43:31;0,005399335;1,203975;-0,007057941;359,2386;7,337212;359,4211;0;waiting for user to recenter
14-3-2024 14:43:31;0,005399335;1,203975;-0,007057941;359,2386;7,337212;359,4211;0;waiting for user to recenter
14-3-2024 14:43:31;0,005399335;1,203975;-0,007057941;359,2386;7,337212;359,4211;0;waiting for user to recenter
14-3-2024 14:43:31;0,005399335;1,203975;-0,007057941;359,2386;7,337212;359,4211;0;waiting for user to recenter
14-3-2024 14:43:31;0,005399335;1,203975;-0,007057941;359,2386;7,337212;359,4211;0;waiting for user to recenter
14-3-2024 14:43:31;0,005399335;1,203975;-0,007057941;359,2386;7,337212;359,4211;0;waiting for user to recenter
14-3-2024 14:43:31;0,005399335;1,203975;-0,007057941;359,2386;7,337212;359,4211;0;waiting for user to recenter
14-3-2024 14:43:31;0,005399335;1,203975;-0,007057941;359,2386;7,337212;359,4211;0;waiting for user to recenter
14-3-2024 14:43:31;0,005399335;1,203975;-0,007057941;359,2386;7,337212;359,4211;0;waiting for user to recenter
14-3-2024 14:43:31;0,005399335;1,203975;-0,007057941;359,2386;7,337212;359,4211;0;waiting for user to recenter
14-3-2024 14:43:31;0,005399335;1,203975;-0,007057941;359,2386;7,337212;359,4211;0;waiting for user to recenter
14-3-2024 14:43:31;0,005399335;1,203975;-0,007057941;359,2386;7,337212;359,4211;0;waiting for user to recenter
14-3-2024 14:43:31;0,005399335;1,203975;-0,007057941;359,2386;7,337212;359,4211;0;waiting for user to recenter
14-3-2024 14:43:31;0,005399335;1,203975;-0,007057941;359,2386;7,337212;359,4211;0;waiting for user to recenter
14-3-2024 14:43:31;0,005399335;1,203975;-0,007057941;359,2386;7,337212;359,4211;0;waiting for user to recenter
14-3-2024 14:43:31;0,005399335;1,203975;-0,007057941;359,2386;7,337212;359,4211;0;waiting for user to recenter
14-3-2024 14:43:31;0,005399335;1,203975;-0,007057941;359,2386;7,337212;359,4211;0;waiting for user to recenter
14-3-2024 14:43:31;0,005399335;1,203975;-0,007057941;359,2386;7,337212;359,4211;0;waiting for user to recenter
14-3-2024 14:43:31;0,005399335;1,203975;-0,007057941;359,2386;7,337212;359,4211;0;waiting for user to recenter
14-3-2024 14:43:31;0,005399335;1,203975;-0,007057941;359,2386;7,337212;359,4211;0;waiting for user to recenter
14-3-2024 14:43:31;0,005399335;1,203975;-0,007057941;359,2386;7,337212;359,4211;0;waiting for user to recenter
14-3-2024 14:43:31;0,005399335;1,203975;-0,007057941;359,2386;7,337212;359,4211;0;waiting for user to recenter
14-3-2024 14:43:31;0,005399335;1,203975;-0,007057941;359,2386;7,337212;359,4211;0;waiting for user to recenter
14-3-2024 14:43:31;0,005399335;1,203975;-0,007057941;359,2386;7,337212;359,4211;0;waiting for user to recenter
14-3-2024 14:43:31;0,005399335;1,203975;-0,007057941;359,2386;7,337212;359,4211;0;waiting for user to recenter
14-3-2024 14:43:31;0,005399335;1,203975;-0,007057941;359,2386;7,337212;359,4211;0;waiting for user to recenter
14-3-2024 14:43:31;0,005399335;1,203975;-0,007057941;359,2386;7,337212;359,4211;0;waiting for user to recenter
14-3-2024 14:43:31;0,005399335;1,203975;-0,007057941;359,2386;7,337212;359,4211;0;waiting for user to recenter
14-3-2024 14:43:31;0,005399335;1,203975;-0,007057941;359,2386;7,337212;359,4211;0;waiting for user to recenter
14-3-2024 14:43:31;0,005399335;1,203975;-0,007057941;359,2386;7,337212;359,4211;0;waiting for user to recenter
14-3-2024 14:43:31;0,005399335;1,203975;-0,007057941;359,2386;7,337212;359,4211;0;waiting for user to recenter
14-3-2024 14:43:31;0,005399335;1,203975;-0,007057941;359,2386;7,337212;359,4211;0;waiting for user to recenter
14-3-2024 14:43:31;0,005399335;1,203975;-0,007057941;359,2386;7,337212;359,4211;0;waiting for user to recenter
14-3-2024 14:43:31;0,005399335;1,203975;-0,007057941;359,2386;7,337212;359,4211;0;waiting for user to recenter
14-3-2024 14:43:31;0,005399335;1,203975;-0,007057941;359,2386;7,337212;359,4211;0;waiting for user to recenter
14-3-2024 14:43:31;0,005399335;1,203975;-0,007057941;359,2386;7,337212;359,4211;0;waiting for user to recenter
14-3-2024 14:43:31;0,005399335;1,203975;-0,007057941;359,2386;7,337212;359,4211;0;waiting for user to recenter
14-3-2024 14:43:31;0,005399335;1,203975;-0,007057941;359,2386;7,337212;359,4211;0;waiting for user to recenter
14-3-2024 14:43:31;0,005399335;1,203975;-0,007057941;359,2386;7,337212;359,4211;0;waiting for user to recenter
14-3-2024 14:43:31;0,005399335;1,203975;-0,007057941;359,2386;7,337212;359,4211;0;waiting for user to recenter
14-3-2024 14:43:31;0,005399335;1,203975;-0,007057941;359,2386;7,337212;359,4211;0;waiting for user to recenter
14-3-2024 14:43:31;0,005399335;1,203975;-0,007057941;359,2386;7,337212;359,4211;0;waiting for user to recenter
14-3-2024 14:43:31;0,005399335;1,203975;-0,007057941;359,2386;7,337212;359,4211;0;waiting for user to recenter
14-3-2024 14:43:31;0,005399335;1,203975;-0,007057941;359,2386;7,337212;359,4211;0;waiting for user to recenter
14-3-2024 14:43:31;0,005399335;1,203975;-0,007057941;359,2386;7,337212;359,4211;0;waiting for user to recenter
14-3-2024 14:43:31;0,005399335;1,203975;-0,007057941;359,2386;7,337212;359,4211;0;waiting for user to recenter
14-3-2024 14:43:31;0,005399335;1,203975;-0,007057941;359,2386;7,337212;359,4211;0;waiting for user to recenter
14-3-2024 14:43:31;0,005399335;1,203975;-0,007057941;359,2386;7,337212;359,4211;0;waiting for user to recenter
14-3-2024 14:43:31;0,005399335;1,203975;-0,007057941;359,2386;7,337212;359,4211;0;waiting for user to recenter
14-3-2024 14:43:31;0,005399335;1,203975;-0,007057941;359,2386;7,337212;359,4211;0;waiting for user to recenter
14-3-2024 14:43:31;0,005399335;1,203975;-0,007057941;359,2386;7,337212;359,4211;0;waiting for user to recenter
14-3-2024 14:43:31;0,005399335;1,203975;-0,007057941;359,2386;7,337212;359,4211;0;waiting for user to recenter
14-3-2024 14:43:31;0,005399335;1,203975;-0,007057941;359,2386;7,337212;359,4211;0;waiting for user to recenter
14-3-2024 14:43:32;0,005399335;1,203975;-0,007057941;359,2386;7,337212;359,4211;0;waiting for user to recenter
14-3-2024 14:43:32;0,005399335;1,203975;-0,007057941;359,2386;7,337212;359,4211;0;waiting for user to recenter
14-3-2024 14:43:32;0,005399335;1,203975;-0,007057941;359,2386;7,337212;359,4211;0;waiting for user to recenter
14-3-2024 14:43:32;0,005399335;1,203975;-0,007057941;359,2386;7,337212;359,4211;0;waiting for user to recenter
14-3-2024 14:43:32;0,005399335;1,203975;-0,007057941;359,2386;7,337212;359,4211;0;waiting for user to recenter
14-3-2024 14:43:32;0,005399335;1,203975;-0,007057941;359,2386;7,337212;359,4211;0;waiting for user to recenter
14-3-2024 14:43:32;0,005399335;1,203975;-0,007057941;359,2386;7,337212;359,4211;0;waiting for user to recenter
14-3-2024 14:43:32;0,005399335;1,203975;-0,007057941;359,2386;7,337212;359,4211;0;waiting for user to recenter
14-3-2024 14:43:32;0,005399335;1,203975;-0,007057941;359,2386;7,337212;359,4211;0;waiting for user to recenter
14-3-2024 14:43:32;0,005399335;1,203975;-0,007057941;359,2386;7,337212;359,4211;0;waiting for user to recenter
14-3-2024 14:43:32;0,005399335;1,203975;-0,007057941;359,2386;7,337212;359,4211;0;waiting for user to recenter
14-3-2024 14:43:32;0,005399335;1,203975;-0,007057941;359,2386;7,337212;359,4211;0;waiting for user to recenter
14-3-2024 14:43:32;0,005399335;1,203975;-0,007057941;359,2386;7,337212;359,4211;0;waiting for user to recenter
14-3-2024 14:43:32;0,005399335;1,203975;-0,007057941;359,2386;7,337212;359,4211;0;waiting for user to recenter
14-3-2024 14:43:32;0,005399335;1,203975;-0,007057941;359,2386;7,337212;359,4211;0;waiting for user to recenter
14-3-2024 14:43:32;0,005399335;1,203975;-0,007057941;359,2386;7,337212;359,4211;0;waiting for user to recenter
14-3-2024 14:43:32;0,005399335;1,203975;-0,007057941;359,2386;7,337212;359,4211;0;waiting for user to recenter
14-3-2024 14:43:32;0,005399335;1,203975;-0,007057941;359,2386;7,337212;359,4211;0;waiting for user to recenter
14-3-2024 14:43:32;0,005399335;1,203975;-0,007057941;359,2386;7,337212;359,4211;0;waiting for user to recenter
14-3-2024 14:43:32;0,005399335;1,203975;-0,007057941;359,2386;7,337212;359,4211;0;waiting for user to recenter
14-3-2024 14:43:32;0,005399335;1,203975;-0,007057941;359,2386;7,337212;359,4211;0;waiting for user to recenter
14-3-2024 14:43:32;0,005399335;1,203975;-0,007057941;359,2386;7,337212;359,4211;0;waiting for user to recenter
14-3-2024 14:43:32;0,005399335;1,203975;-0,007057941;359,2386;7,337212;359,4211;0;waiting for user to recenter
14-3-2024 14:43:32;0,005399335;1,203975;-0,007057941;359,2386;7,337212;359,4211;0;waiting for user to recenter
14-3-2024 14:43:32;0,005399335;1,203975;-0,007057941;359,2386;7,337212;359,4211;0;waiting for user to recenter
14-3-2024 14:43:32;0,005399335;1,203975;-0,007057941;359,2386;7,337212;359,4211;0;waiting for user to recenter
14-3-2024 14:43:32;0,005399335;1,203975;-0,007057941;359,2386;7,337212;359,4211;0;waiting for user to recenter
14-3-2024 14:43:32;0,005399335;1,203975;-0,007057941;359,2386;7,337212;359,4211;0;waiting for user to recenter
14-3-2024 14:43:32;0,005399335;1,203975;-0,007057941;359,2386;7,337212;359,4211;0;waiting for user to recenter
14-3-2024 14:43:32;0,005399335;1,203975;-0,007057941;359,2386;7,337212;359,4211;0;waiting for user to recenter
14-3-2024 14:43:32;0,005399335;1,203975;-0,007057941;359,2386;7,337212;359,4211;0;waiting for user to recenter
14-3-2024 14:43:32;0,005399335;1,203975;-0,007057941;359,2386;7,337212;359,4211;0;waiting for user to recenter
14-3-2024 14:43:32;0,005399335;1,203975;-0,007057941;359,2386;7,337212;359,4211;0;waiting for user to recenter
14-3-2024 14:43:32;0,005399335;1,203975;-0,007057941;359,2386;7,337212;359,4211;0;waiting for user to recenter
14-3-2024 14:43:32;0,005399335;1,203975;-0,007057941;359,2386;7,337212;359,4211;0;waiting for user to recenter
14-3-2024 14:43:32;0,005399335;1,203975;-0,007057941;359,2386;7,337212;359,4211;0;waiting for user to recenter
14-3-2024 14:43:32;0,005399335;1,203975;-0,007057941;359,2386;7,337212;359,4211;0;waiting for user to recenter
14-3-2024 14:43:32;0,005399335;1,203975;-0,007057941;359,2386;7,337212;359,4211;0;waiting for user to recenter
14-3-2024 14:43:32;0,005399335;1,203975;-0,007057941;359,2386;7,337212;359,4211;0;waiting for user to recenter
14-3-2024 14:43:32;0,005399335;1,203975;-0,007057941;359,2386;7,337212;359,4211;0;waiting for user to recenter
14-3-2024 14:43:32;0,005399335;1,203975;-0,007057941;359,2386;7,337212;359,4211;0;waiting for user to recenter
14-3-2024 14:43:32;0,005399335;1,203975;-0,007057941;359,2386;7,337212;359,4211;0;waiting for user to recenter
14-3-2024 14:43:32;0,005399335;1,203975;-0,007057941;359,2386;7,337212;359,4211;0;waiting for user to recenter
14-3-2024 14:43:32;0,005399335;1,203975;-0,007057941;359,2386;7,337212;359,4211;0;waiting for user to recenter
14-3-2024 14:43:32;0,005399335;1,203975;-0,007057941;359,2386;7,337212;359,4211;0;waiting for user to recenter
14-3-2024 14:43:32;0,005399335;1,203975;-0,007057941;359,2386;7,337212;359,4211;0;waiting for user to recenter
14-3-2024 14:43:32;0,005399335;1,203975;-0,007057941;359,2386;7,337212;359,4211;0;waiting for user to recenter
14-3-2024 14:43:32;0,005399335;1,203975;-0,007057941;359,2386;7,337212;359,4211;0;waiting for user to recenter
14-3-2024 14:43:32;0,005399335;1,203975;-0,007057941;359,2386;7,337212;359,4211;0;waiting for user to recenter
14-3-2024 14:43:32;0,005399335;1,203975;-0,007057941;359,2386;7,337212;359,4211;0;waiting for user to recenter
14-3-2024 14:43:32;0,005399335;1,203975;-0,007057941;359,2386;7,337212;359,4211;0;waiting for user to recenter
14-3-2024 14:43:32;0,005399335;1,203975;-0,007057941;359,2386;7,337212;359,4211;0;waiting for user to recenter
14-3-2024 14:43:32;0,005399335;1,203975;-0,007057941;359,2386;7,337212;359,4211;0;waiting for user to recenter
14-3-2024 14:43:32;0,005399335;1,203975;-0,007057941;359,2386;7,337212;359,4211;0;waiting for user to recenter
14-3-2024 14:43:32;0,005399335;1,203975;-0,007057941;359,2386;7,337212;359,4211;0;waiting for user to recenter
14-3-2024 14:43:32;0,005399335;1,203975;-0,007057941;359,2386;7,337212;359,4211;0;waiting for user to recenter
14-3-2024 14:43:32;0,005399335;1,203975;-0,007057941;359,2386;7,337212;359,4211;0;waiting for user to recenter
14-3-2024 14:43:32;0,005399335;1,203975;-0,007057941;359,2386;7,337212;359,4211;0;waiting for user to recenter
14-3-2024 14:43:32;0,005399335;1,203975;-0,007057941;359,2386;7,337212;359,4211;0;waiting for user to recenter
14-3-2024 14:43:32;0,005399335;1,203975;-0,007057941;359,2386;7,337212;359,4211;0;waiting for user to recenter
14-3-2024 14:43:32;0,005399335;1,203975;-0,007057941;359,2386;7,337212;359,4211;0;waiting for user to recenter
14-3-2024 14:43:32;0,005399335;1,203975;-0,007057941;359,2386;7,337212;359,4211;0;waiting for user to recenter
14-3-2024 14:43:32;0,005399335;1,203975;-0,007057941;359,2386;7,337212;359,4211;0;waiting for user to recenter
14-3-2024 14:43:32;0,005399335;1,203975;-0,007057941;359,2386;7,337212;359,4211;0;waiting for user to recenter
14-3-2024 14:43:32;0,005399335;1,203975;-0,007057941;359,2386;7,337212;359,4211;0;waiting for user to recenter
14-3-2024 14:43:32;0,005399335;1,203975;-0,007057941;359,2386;7,337212;359,4211;0;waiting for user to recenter
14-3-2024 14:43:32;0,005399335;1,203975;-0,007057941;359,2386;7,337212;359,4211;0;waiting for user to recenter
14-3-2024 14:43:32;0,005399335;1,203975;-0,007057941;359,2386;7,337212;359,4211;0;waiting for user to recenter
14-3-2024 14:43:32;0,005399335;1,203975;-0,007057941;359,2386;7,337212;359,4211;0;waiting for user to recenter
14-3-2024 14:43:32;0,005399335;1,203975;-0,007057941;359,2386;7,337212;359,4211;0;waiting for user to recenter
14-3-2024 14:43:32;0,005399335;1,203975;-0,007057941;359,2386;7,337212;359,4211;0;waiting for user to recenter
14-3-2024 14:43:33;0,005399335;1,203975;-0,007057941;359,2386;7,337212;359,4211;0;waiting for user to recenter
14-3-2024 14:43:33;0,005399335;1,203975;-0,007057941;359,2386;7,337212;359,4211;0;waiting for user to recenter
14-3-2024 14:43:33;0,005399335;1,203975;-0,007057941;359,2386;7,337212;359,4211;0;waiting for user to recenter
14-3-2024 14:43:33;0,005399335;1,203975;-0,007057941;359,2386;7,337212;359,4211;0;waiting for user to recenter
14-3-2024 14:43:33;0,005399335;1,203975;-0,007057941;359,2386;7,337212;359,4211;0;waiting for user to recenter
14-3-2024 14:43:33;0,005399335;1,203975;-0,007057941;359,2386;7,337212;359,4211;0;waiting for user to recenter
14-3-2024 14:43:33;0,005399335;1,203975;-0,007057941;359,2386;7,337212;359,4211;0;waiting for user to recenter
14-3-2024 14:43:33;0,005399335;1,203975;-0,007057941;359,2386;7,337212;359,4211;0;waiting for user to recenter
14-3-2024 14:43:33;0,005399335;1,203975;-0,007057941;359,2386;7,337212;359,4211;0;waiting for user to recenter
14-3-2024 14:43:33;0,005399335;1,203975;-0,007057941;359,2386;7,337212;359,4211;0;waiting for user to recenter
14-3-2024 14:43:33;0,005399335;1,203975;-0,007057941;359,2386;7,337212;359,4211;0;waiting for user to recenter
14-3-2024 14:43:33;0,005399335;1,203975;-0,007057941;359,2386;7,337212;359,4211;0;waiting for user to recenter
14-3-2024 14:43:33;0,005399335;1,203975;-0,007057941;359,2386;7,337212;359,4211;0;waiting for user to recenter
14-3-2024 14:43:33;0,005399335;1,203975;-0,007057941;359,2386;7,337212;359,4211;0;waiting for user to recenter
14-3-2024 14:43:33;0,005399335;1,203975;-0,007057941;359,2386;7,337212;359,4211;0;waiting for user to recenter
14-3-2024 14:43:33;0,005399335;1,203975;-0,007057941;359,2386;7,337212;359,4211;0;waiting for user to recenter
14-3-2024 14:43:33;0,005399335;1,203975;-0,007057941;359,2386;7,337212;359,4211;0;waiting for user to recenter
14-3-2024 14:43:33;0,005399335;1,203975;-0,007057941;359,2386;7,337212;359,4211;0;waiting for user to recenter
14-3-2024 14:43:33;0,005399335;1,203975;-0,007057941;359,2386;7,337212;359,4211;0;waiting for user to recenter
14-3-2024 14:43:33;0,005399335;1,203975;-0,007057941;359,2386;7,337212;359,4211;0;waiting for user to recenter
14-3-2024 14:43:33;0,005399335;1,203975;-0,007057941;359,2386;7,337212;359,4211;0;waiting for user to recenter
14-3-2024 14:43:33;0,005399335;1,203975;-0,007057941;359,2386;7,337212;359,4211;0;waiting for user to recenter
14-3-2024 14:43:33;0,005399335;1,203975;-0,007057941;359,2386;7,337212;359,4211;0;waiting for user to recenter
14-3-2024 14:43:33;0,005399335;1,203975;-0,007057941;359,2386;7,337212;359,4211;0;waiting for user to recenter
14-3-2024 14:43:33;0,005399335;1,203975;-0,007057941;359,2386;7,337212;359,4211;0;waiting for user to recenter
14-3-2024 14:43:33;0,005399335;1,203975;-0,007057941;359,2386;7,337212;359,4211;0;waiting for user to recenter
14-3-2024 14:43:33;0,005399335;1,203975;-0,007057941;359,2386;7,337212;359,4211;0;waiting for user to recenter
14-3-2024 14:43:33;0,005399335;1,203975;-0,007057941;359,2386;7,337212;359,4211;0;waiting for user to recenter
14-3-2024 14:43:33;0,005399335;1,203975;-0,007057941;359,2386;7,337212;359,4211;0;waiting for user to recenter
14-3-2024 14:43:33;0,005399335;1,203975;-0,007057941;359,2386;7,337212;359,4211;0;waiting for user to recenter
14-3-2024 14:43:33;0,005399335;1,203975;-0,007057941;359,2386;7,337212;359,4211;0;waiting for user to recenter
14-3-2024 14:43:33;0,005399335;1,203975;-0,007057941;359,2386;7,337212;359,4211;0;waiting for user to recenter
14-3-2024 14:43:33;0,005399335;1,203975;-0,007057941;359,2386;7,337212;359,4211;0;waiting for user to recenter
14-3-2024 14:43:33;0,005399335;1,203975;-0,007057941;359,2386;7,337212;359,4211;0;waiting for user to recenter
14-3-2024 14:43:33;0,005399335;1,203975;-0,007057941;359,2386;7,337212;359,4211;0;waiting for user to recenter
14-3-2024 14:43:33;0,005399335;1,203975;-0,007057941;359,2386;7,337212;359,4211;0;waiting for user to recenter
14-3-2024 14:43:33;0,005399335;1,203975;-0,007057941;359,2386;7,337212;359,4211;0;waiting for user to recenter
14-3-2024 14:43:33;0,005399335;1,203975;-0,007057941;359,2386;7,337212;359,4211;0;waiting for user to recenter
14-3-2024 14:43:33;0,005399335;1,203975;-0,007057941;359,2386;7,337212;359,4211;0;waiting for user to recenter
14-3-2024 14:43:33;0,005399335;1,203975;-0,007057941;359,2386;7,337212;359,4211;0;waiting for user to recenter
14-3-2024 14:43:33;0,005399335;1,203975;-0,007057941;359,2386;7,337212;359,4211;0;waiting for user to recenter
14-3-2024 14:43:33;0,005399335;1,203975;-0,007057941;359,2386;7,337212;359,4211;0;waiting for user to recenter
14-3-2024 14:43:33;0,005399335;1,203975;-0,007057941;359,2386;7,337212;359,4211;0;waiting for user to recenter
14-3-2024 14:43:33;0,005399335;1,203975;-0,007057941;359,2386;7,337212;359,4211;0;waiting for user to recenter
14-3-2024 14:43:33;0,005399335;1,203975;-0,007057941;359,2386;7,337212;359,4211;0;waiting for user to recenter
14-3-2024 14:43:33;0,005399335;1,203975;-0,007057941;359,2386;7,337212;359,4211;0;waiting for user to recenter
14-3-2024 14:43:33;0,005399335;1,203975;-0,007057941;359,2386;7,337212;359,4211;0;waiting for user to recenter
14-3-2024 14:43:33;0,005399335;1,203975;-0,007057941;359,2386;7,337212;359,4211;0;waiting for user to recenter
14-3-2024 14:43:33;0,005399335;1,203975;-0,007057941;359,2386;7,337212;359,4211;0;waiting for user to recenter
14-3-2024 14:43:33;0,005399335;1,203975;-0,007057941;359,2386;7,337212;359,4211;0;waiting for user to recenter
14-3-2024 14:43:33;0,005399335;1,203975;-0,007057941;359,2386;7,337212;359,4211;0;waiting for user to recenter
14-3-2024 14:43:33;0,005399335;1,203975;-0,007057941;359,2386;7,337212;359,4211;0;waiting for user to recenter
14-3-2024 14:43:33;0,005399335;1,203975;-0,007057941;359,2386;7,337212;359,4211;0;waiting for user to recenter
14-3-2024 14:43:33;0,005399335;1,203975;-0,007057941;359,2386;7,337212;359,4211;0;waiting for user to recenter
14-3-2024 14:43:33;0,005399335;1,203975;-0,007057941;359,2386;7,337212;359,4211;0;waiting for user to recenter
14-3-2024 14:43:33;0,005399335;1,203975;-0,007057941;359,2386;7,337212;359,4211;0;waiting for user to recenter
14-3-2024 14:43:33;0,005399335;1,203975;-0,007057941;359,2386;7,337212;359,4211;0;waiting for user to recenter
14-3-2024 14:43:33;0,005399335;1,203975;-0,007057941;359,2386;7,337212;359,4211;0;waiting for user to recenter
14-3-2024 14:43:33;0,005399335;1,203975;-0,007057941;359,2386;7,337212;359,4211;0;waiting for user to recenter
14-3-2024 14:43:33;0,005399335;1,203975;-0,007057941;359,2386;7,337212;359,4211;0;waiting for user to recenter
14-3-2024 14:43:33;0,005399335;1,203975;-0,007057941;359,2386;7,337212;359,4211;0;waiting for user to recenter
14-3-2024 14:43:33;0,005399335;1,203975;-0,007057941;359,2386;7,337212;359,4211;0;waiting for user to recenter
14-3-2024 14:43:33;0,005399335;1,203975;-0,007057941;359,2386;7,337212;359,4211;0;waiting for user to recenter
14-3-2024 14:43:33;0,005399335;1,203975;-0,007057941;359,2386;7,337212;359,4211;0;waiting for user to recenter
14-3-2024 14:43:33;0,005399335;1,203975;-0,007057941;359,2386;7,337212;359,4211;0;waiting for user to recenter
14-3-2024 14:43:33;0,005399335;1,203975;-0,007057941;359,2386;7,337212;359,4211;0;waiting for user to recenter
14-3-2024 14:43:33;0,005399335;1,203975;-0,007057941;359,2386;7,337212;359,4211;0;waiting for user to recenter
14-3-2024 14:43:33;0,005399335;1,203975;-0,007057941;359,2386;7,337212;359,4211;0;waiting for user to recenter
14-3-2024 14:43:33;0,005399335;1,203975;-0,007057941;359,2386;7,337212;359,4211;0;waiting for user to recenter
14-3-2024 14:43:33;0,005399335;1,203975;-0,007057941;359,2386;7,337212;359,4211;0;waiting for user to recenter
14-3-2024 14:43:33;0,005399335;1,203975;-0,007057941;359,2386;7,337212;359,4211;0;waiting for user to recenter
14-3-2024 14:43:33;0,005399335;1,203975;-0,007057941;359,2386;7,337212;359,4211;0;waiting for user to recenter
14-3-2024 14:43:34;0,005399335;1,203975;-0,007057941;359,2386;7,337212;359,4211;0;waiting for user to recenter
14-3-2024 14:43:34;0,005399335;1,203975;-0,007057941;359,2386;7,337212;359,4211;0;waiting for user to recenter
14-3-2024 14:43:34;0,005399335;1,203975;-0,007057941;359,2386;7,337212;359,4211;0;waiting for user to recenter
14-3-2024 14:43:34;0,005399335;1,203975;-0,007057941;359,2386;7,337212;359,4211;0;waiting for user to recenter
14-3-2024 14:43:34;0,005399335;1,203975;-0,007057941;359,2386;7,337212;359,4211;0;waiting for user to recenter
14-3-2024 14:43:34;0,005399335;1,203975;-0,007057941;359,2386;7,337212;359,4211;0;waiting for user to recenter
14-3-2024 14:43:34;0,005399335;1,203975;-0,007057941;359,2386;7,337212;359,4211;0;waiting for user to recenter
14-3-2024 14:43:34;0,005399335;1,203975;-0,007057941;359,2386;7,337212;359,4211;0;waiting for user to recenter
14-3-2024 14:43:34;0,005399335;1,203975;-0,007057941;359,2386;7,337212;359,4211;0;waiting for user to recenter
14-3-2024 14:43:34;0,005399335;1,203975;-0,007057941;359,2386;7,337212;359,4211;0;waiting for user to recenter
14-3-2024 14:43:34;0,005399335;1,203975;-0,007057941;359,2386;7,337212;359,4211;0;waiting for user to recenter
14-3-2024 14:43:34;0,005399335;1,203975;-0,007057941;359,2386;7,337212;359,4211;0;waiting for user to recenter
14-3-2024 14:43:34;0,005399335;1,203975;-0,007057941;359,2386;7,337212;359,4211;0;waiting for user to recenter
14-3-2024 14:43:34;0,005399335;1,203975;-0,007057941;359,2386;7,337212;359,4211;0;waiting for user to recenter
14-3-2024 14:43:34;0,005399335;1,203975;-0,007057941;359,2386;7,337212;359,4211;0;waiting for user to recenter
14-3-2024 14:43:34;0,005399335;1,203975;-0,007057941;359,2386;7,337212;359,4211;0;waiting for user to recenter
14-3-2024 14:43:34;0,005399335;1,203975;-0,007057941;359,2386;7,337212;359,4211;0;waiting for user to recenter
14-3-2024 14:43:34;0,005399335;1,203975;-0,007057941;359,2386;7,337212;359,4211;0;waiting for user to recenter
14-3-2024 14:43:34;0,005399335;1,203975;-0,007057941;359,2386;7,337212;359,4211;0;waiting for user to recenter
14-3-2024 14:43:34;0,005399335;1,203975;-0,007057941;359,2386;7,337212;359,4211;0;waiting for user to recenter
14-3-2024 14:43:34;0,005399335;1,203975;-0,007057941;359,2386;7,337212;359,4211;0;waiting for user to recenter
14-3-2024 14:43:34;0,005399335;1,203975;-0,007057941;359,2386;7,337212;359,4211;0;waiting for user to recenter
14-3-2024 14:43:34;0,005399335;1,203975;-0,007057941;359,2386;7,337212;359,4211;0;waiting for user to recenter
14-3-2024 14:43:34;0,005399335;1,203975;-0,007057941;359,2386;7,337212;359,4211;0;waiting for user to recenter
14-3-2024 14:43:34;0,005399335;1,203975;-0,007057941;359,2386;7,337212;359,4211;0;waiting for user to recenter
14-3-2024 14:43:34;0,005399335;1,203975;-0,007057941;359,2386;7,337212;359,4211;0;waiting for user to recenter
14-3-2024 14:43:34;0,005399335;1,203975;-0,007057941;359,2386;7,337212;359,4211;0;waiting for user to recenter
14-3-2024 14:43:34;0,005399335;1,203975;-0,007057941;359,2386;7,337212;359,4211;0;waiting for user to recenter
14-3-2024 14:43:34;0,005399335;1,203975;-0,007057941;359,2386;7,337212;359,4211;0;waiting for user to recenter
14-3-2024 14:43:34;0,005399335;1,203975;-0,007057941;359,2386;7,337212;359,4211;0;waiting for user to recenter
14-3-2024 14:43:34;0,005399335;1,203975;-0,007057941;359,2386;7,337212;359,4211;0;waiting for user to recenter
14-3-2024 14:43:34;0,005399335;1,203975;-0,007057941;359,2386;7,337212;359,4211;0;waiting for user to recenter
14-3-2024 14:43:34;0,005399335;1,203975;-0,007057941;359,2386;7,337212;359,4211;0;waiting for user to recenter
14-3-2024 14:43:34;0,005399335;1,203975;-0,007057941;359,2386;7,337212;359,4211;0;waiting for user to recenter
14-3-2024 14:43:34;0,005399335;1,203975;-0,007057941;359,2386;7,337212;359,4211;0;waiting for user to recenter
14-3-2024 14:43:34;0,005399335;1,203975;-0,007057941;359,2386;7,337212;359,4211;0;waiting for user to recenter
14-3-2024 14:43:34;0,005399335;1,203975;-0,007057941;359,2386;7,337212;359,4211;0;waiting for user to recenter
14-3-2024 14:43:34;0,005399335;1,203975;-0,007057941;359,2386;7,337212;359,4211;0;waiting for user to recenter
14-3-2024 14:43:34;0,005399335;1,203975;-0,007057941;359,2386;7,337212;359,4211;0;waiting for user to recenter
14-3-2024 14:43:34;0,005399335;1,203975;-0,007057941;359,2386;7,337212;359,4211;0;waiting for user to recenter
14-3-2024 14:43:34;0,005399335;1,203975;-0,007057941;359,2386;7,337212;359,4211;0;waiting for user to recenter
14-3-2024 14:43:34;0,005399335;1,203975;-0,007057941;359,2386;7,337212;359,4211;0;waiting for user to recenter
14-3-2024 14:43:34;0,005399335;1,203975;-0,007057941;359,2386;7,337212;359,4211;0;waiting for user to recenter
14-3-2024 14:43:34;0,005399335;1,203975;-0,007057941;359,2386;7,337212;359,4211;0;waiting for user to recenter
14-3-2024 14:43:34;0,005399335;1,203975;-0,007057941;359,2386;7,337212;359,4211;0;waiting for user to recenter
14-3-2024 14:43:34;0,005399335;1,203975;-0,007057941;359,2386;7,337212;359,4211;0;waiting for user to recenter
14-3-2024 14:43:34;0,005399335;1,203975;-0,007057941;359,2386;7,337212;359,4211;0;waiting for user to recenter
14-3-2024 14:43:34;0,005399335;1,203975;-0,007057941;359,2386;7,337212;359,4211;0;waiting for user to recenter
14-3-2024 14:43:34;0,005399335;1,203975;-0,007057941;359,2386;7,337212;359,4211;0;waiting for user to recenter
14-3-2024 14:43:34;0,005399335;1,203975;-0,007057941;359,2386;7,337212;359,4211;0;waiting for user to recenter
14-3-2024 14:43:34;0,005399335;1,203975;-0,007057941;359,2386;7,337212;359,4211;0;waiting for user to recenter
14-3-2024 14:43:34;0,005399335;1,203975;-0,007057941;359,2386;7,337212;359,4211;0;waiting for user to recenter
14-3-2024 14:43:34;0,005399335;1,203975;-0,007057941;359,2386;7,337212;359,4211;0;waiting for user to recenter
14-3-2024 14:43:34;0,005399335;1,203975;-0,007057941;359,2386;7,337212;359,4211;0;waiting for user to recenter
14-3-2024 14:43:34;0,005399335;1,203975;-0,007057941;359,2386;7,337212;359,4211;0;waiting for user to recenter
14-3-2024 14:43:34;0,005399335;1,203975;-0,007057941;359,2386;7,337212;359,4211;0;waiting for user to recenter
14-3-2024 14:43:34;0,005399335;1,203975;-0,007057941;359,2386;7,337212;359,4211;0;waiting for user to recenter
14-3-2024 14:43:34;0,005399335;1,203975;-0,007057941;359,2386;7,337212;359,4211;0;waiting for user to recenter
14-3-2024 14:43:34;0,005399335;1,203975;-0,007057941;359,2386;7,337212;359,4211;0;waiting for user to recenter
14-3-2024 14:43:34;0,005399335;1,203975;-0,007057941;359,2386;7,337212;359,4211;0;waiting for user to recenter
14-3-2024 14:43:34;0,005399335;1,203975;-0,007057941;359,2386;7,337212;359,4211;0;waiting for user to recenter
14-3-2024 14:43:34;0,005399335;1,203975;-0,007057941;359,2386;7,337212;359,4211;0;waiting for user to recenter
14-3-2024 14:43:34;0,005399335;1,203975;-0,007057941;359,2386;7,337212;359,4211;0;waiting for user to recenter
14-3-2024 14:43:34;0,005399335;1,203975;-0,007057941;359,2386;7,337212;359,4211;0;waiting for user to recenter
14-3-2024 14:43:34;0,005399335;1,203975;-0,007057941;359,2386;7,337212;359,4211;0;waiting for user to recenter
14-3-2024 14:43:34;0,005399335;1,203975;-0,007057941;359,2386;7,337212;359,4211;0;waiting for user to recenter
14-3-2024 14:43:34;0,005399335;1,203975;-0,007057941;359,2386;7,337212;359,4211;0;waiting for user to recenter
14-3-2024 14:43:34;0,005399335;1,203975;-0,007057941;359,2386;7,337212;359,4211;0;waiting for user to recenter
14-3-2024 14:43:34;0,005399335;1,203975;-0,007057941;359,2386;7,337212;359,4211;0;waiting for user to recenter
14-3-2024 14:43:34;0,005399335;1,203975;-0,007057941;359,2386;7,337212;359,4211;0;waiting for user to recenter
14-3-2024 14:43:34;0,005399335;1,203975;-0,007057941;359,2386;7,337212;359,4211;0;waiting for user to recenter
14-3-2024 14:43:34;0,005399335;1,203975;-0,007057941;359,2386;7,337212;359,4211;0;waiting for user to recenter
14-3-2024 14:43:35;0,005399335;1,203975;-0,007057941;359,2386;7,337212;359,4211;0;waiting for user to recenter
14-3-2024 14:43:35;0,005399335;1,203975;-0,007057941;359,2386;7,337212;359,4211;0;waiting for user to recenter
14-3-2024 14:43:35;0,005399335;1,203975;-0,007057941;359,2386;7,337212;359,4211;0;waiting for user to recenter
14-3-2024 14:43:35;0,005399335;1,203975;-0,007057941;359,2386;7,337212;359,4211;0;waiting for user to recenter
14-3-2024 14:43:35;0,005399335;1,203975;-0,007057941;359,2386;7,337212;359,4211;0;waiting for user to recenter
14-3-2024 14:43:35;0,005399335;1,203975;-0,007057941;359,2386;7,337212;359,4211;0;waiting for user to recenter
14-3-2024 14:43:35;0,005399335;1,203975;-0,007057941;359,2386;7,337212;359,4211;0;waiting for user to recenter
14-3-2024 14:43:35;0,005399335;1,203975;-0,007057941;359,2386;7,337212;359,4211;0;waiting for user to recenter
14-3-2024 14:43:35;0,005399335;1,203975;-0,007057941;359,2386;7,337212;359,4211;0;waiting for user to recenter
14-3-2024 14:43:35;0,005399335;1,203975;-0,007057941;359,2386;7,337212;359,4211;0;waiting for user to recenter
14-3-2024 14:43:35;0,005399335;1,203975;-0,007057941;359,2386;7,337212;359,4211;0;waiting for user to recenter
14-3-2024 14:43:35;0,005399335;1,203975;-0,007057941;359,2386;7,337212;359,4211;0;waiting for user to recenter
14-3-2024 14:43:35;0,005399335;1,203975;-0,007057941;359,2386;7,337212;359,4211;0;waiting for user to recenter
14-3-2024 14:43:35;0,005399335;1,203975;-0,007057941;359,2386;7,337212;359,4211;0;waiting for user to recenter
14-3-2024 14:43:35;0,005399335;1,203975;-0,007057941;359,2386;7,337212;359,4211;0;waiting for user to recenter
14-3-2024 14:43:35;0,005399335;1,203975;-0,007057941;359,2386;7,337212;359,4211;0;waiting for user to recenter
14-3-2024 14:43:35;0,005399335;1,203975;-0,007057941;359,2386;7,337212;359,4211;0;waiting for user to recenter
14-3-2024 14:43:35;0,005399335;1,203975;-0,007057941;359,2386;7,337212;359,4211;0;waiting for user to recenter
14-3-2024 14:43:35;0,005399335;1,203975;-0,007057941;359,2386;7,337212;359,4211;0;waiting for user to recenter
14-3-2024 14:43:35;0,005399335;1,203975;-0,007057941;359,2386;7,337212;359,4211;0;waiting for user to recenter
14-3-2024 14:43:35;0,005399335;1,203975;-0,007057941;359,2386;7,337212;359,4211;0;waiting for user to recenter
14-3-2024 14:43:35;0,005399335;1,203975;-0,007057941;359,2386;7,337212;359,4211;0;waiting for user to recenter
14-3-2024 14:43:35;0,005399335;1,203975;-0,007057941;359,2386;7,337212;359,4211;0;waiting for user to recenter
14-3-2024 14:43:35;0,005399335;1,203975;-0,007057941;359,2386;7,337212;359,4211;0;waiting for user to recenter
14-3-2024 14:43:35;0,005399335;1,203975;-0,007057941;359,2386;7,337212;359,4211;0;waiting for user to recenter
14-3-2024 14:43:35;0,005399335;1,203975;-0,007057941;359,2386;7,337212;359,4211;0;waiting for user to recenter
14-3-2024 14:43:35;0,005399335;1,203975;-0,007057941;359,2386;7,337212;359,4211;0;waiting for user to recenter
14-3-2024 14:43:35;0,005399335;1,203975;-0,007057941;359,2386;7,337212;359,4211;0;waiting for user to recenter
14-3-2024 14:43:35;0,005399335;1,203975;-0,007057941;359,2386;7,337212;359,4211;0;waiting for user to recenter
14-3-2024 14:43:35;0,005399335;1,203975;-0,007057941;359,2386;7,337212;359,4211;0;waiting for user to recenter
14-3-2024 14:43:35;0,005399335;1,203975;-0,007057941;359,2386;7,337212;359,4211;0;waiting for user to recenter
14-3-2024 14:43:35;0,005399335;1,203975;-0,007057941;359,2386;7,337212;359,4211;0;waiting for user to recenter
14-3-2024 14:43:35;0,005399335;1,203975;-0,007057941;359,2386;7,337212;359,4211;0;waiting for user to recenter
14-3-2024 14:43:35;0,005399335;1,203975;-0,007057941;359,2386;7,337212;359,4211;0;waiting for user to recenter
14-3-2024 14:43:35;0,005399335;1,203975;-0,007057941;359,2386;7,337212;359,4211;0;waiting for user to recenter
14-3-2024 14:43:35;0,005399335;1,203975;-0,007057941;359,2386;7,337212;359,4211;0;waiting for user to recenter
14-3-2024 14:43:35;0,005399335;1,203975;-0,007057941;359,2386;7,337212;359,4211;0;waiting for user to recenter
14-3-2024 14:43:35;0,005399335;1,203975;-0,007057941;359,2386;7,337212;359,4211;0;waiting for user to recenter
14-3-2024 14:43:35;0,005399335;1,203975;-0,007057941;359,2386;7,337212;359,4211;0;waiting for user to recenter
14-3-2024 14:43:35;0,005399335;1,203975;-0,007057941;359,2386;7,337212;359,4211;0;waiting for user to recenter
14-3-2024 14:43:35;0,005399335;1,203975;-0,007057941;359,2386;7,337212;359,4211;0;waiting for user to recenter
14-3-2024 14:43:35;0,005399335;1,203975;-0,007057941;359,2386;7,337212;359,4211;0;waiting for user to recenter
14-3-2024 14:43:35;0,005399335;1,203975;-0,007057941;359,2386;7,337212;359,4211;0;waiting for user to recenter
14-3-2024 14:43:35;0,005399335;1,203975;-0,007057941;359,2386;7,337212;359,4211;0;waiting for user to recenter
14-3-2024 14:43:35;0,005399335;1,203975;-0,007057941;359,2386;7,337212;359,4211;0;waiting for user to recenter
14-3-2024 14:43:35;0,005399335;1,203975;-0,007057941;359,2386;7,337212;359,4211;0;waiting for user to recenter
14-3-2024 14:43:35;0,005399335;1,203975;-0,007057941;359,2386;7,337212;359,4211;0;waiting for user to recenter
14-3-2024 14:43:35;0,005399335;1,203975;-0,007057941;359,2386;7,337212;359,4211;0;waiting for user to recenter
14-3-2024 14:43:35;0,005399335;1,203975;-0,007057941;359,2386;7,337212;359,4211;0;waiting for user to recenter
14-3-2024 14:43:35;-0,03455129;1,2377;0,02506159;344,5466;345,5586;6,69389;0;waiting for user to recenter
14-3-2024 14:43:35;-0,03447893;1,237741;0,02502802;344,5446;345,5645;6,694295;0;waiting for user to recenter
14-3-2024 14:43:35;-0,03441937;1,237774;0,02501142;344,5395;345,5769;6,694675;0;waiting for user to recenter
14-3-2024 14:43:35;-0,03438664;1,237799;0,02502504;344,5334;345,5822;6,68689;0;waiting for user to recenter
14-3-2024 14:43:35;-0,03437262;1,237825;0,025053;344,5273;345,5895;6,678456;0;waiting for user to recenter
14-3-2024 14:43:35;-0,03433346;1,237848;0,02505493;344,525;345,5923;6,677649;0;waiting for user to recenter
14-3-2024 14:43:35;-0,03427781;1,237866;0,02495466;344,5156;345,601;6,682545;0;waiting for user to recenter
14-3-2024 14:43:35;-0,03419589;1,237896;0,02487987;344,5071;345,618;6,680993;0;waiting for user to recenter
14-3-2024 14:43:35;-0,03415487;1,237894;0,02489593;344,5188;345,6348;6,677823;0;waiting for user to recenter
14-3-2024 14:43:35;-0,03412199;1,23787;0,02492405;344,5314;345,6627;6,674748;0;waiting for user to recenter
14-3-2024 14:43:35;-0,03408376;1,23783;0,0249451;344,5564;345,6706;6,661802;0;waiting for user to recenter
14-3-2024 14:43:35;-0,03404944;1,237774;0,02492933;344,5659;345,6743;6,659101;0;waiting for user to recenter
14-3-2024 14:43:35;-0,03401737;1,237741;0,02490842;344,5715;345,6775;6,666267;0;waiting for user to recenter
14-3-2024 14:43:35;-0,0339727;1,237729;0,02489165;344,5691;345,691;6,674343;0;waiting for user to recenter
14-3-2024 14:43:35;-0,03393336;1,237735;0,02487773;344,5707;345,6919;6,678815;0;waiting for user to recenter
14-3-2024 14:43:35;-0,03389754;1,237756;0,02486131;344,5648;345,6887;6,657656;0;waiting for user to recenter
14-3-2024 14:43:35;-0,03386445;1,237755;0,02483402;344,5655;345,6714;6,649338;0;waiting for user to recenter
14-3-2024 14:43:35;-0,03380565;1,23773;0,02480015;344,5567;345,6381;6,649282;0;waiting for user to recenter
14-3-2024 14:43:35;-0,03375242;1,237738;0,02477893;344,5471;345,6226;6,64285;0;waiting for user to recenter
14-3-2024 14:43:35;-0,03373512;1,237765;0,02476197;344,5386;345,5984;6,638912;0;waiting for user to recenter
14-3-2024 14:43:35;-0,03372054;1,237794;0,02474082;344,5254;345,602;6,616174;0;waiting for user to recenter
14-3-2024 14:43:35;-0,03370143;1,237817;0,02471232;344,5236;345,6036;6,59217;0;waiting for user to recenter
14-3-2024 14:43:36;-0,03371289;1,237831;0,02469893;344,5197;345,5944;6,588189;0;waiting for user to recenter
14-3-2024 14:43:36;-0,0337598;1,237867;0,0246715;344,5196;345,5914;6,5806;0;waiting for user to recenter
14-3-2024 14:43:36;-0,03377478;1,237897;0,02463692;344,521;345,6076;6,592967;0;waiting for user to recenter
14-3-2024 14:43:36;-0,03373867;1,237904;0,02459816;344,5154;345,6397;6,605112;0;waiting for user to recenter
14-3-2024 14:43:36;-0,03369895;1,237897;0,02454972;344,519;345,6777;6,609717;0;waiting for user to recenter
14-3-2024 14:43:36;-0,03366039;1,237878;0,02450839;344,5127;345,6931;6,609224;0;waiting for user to recenter
14-3-2024 14:43:36;-0,03358662;1,237816;0,02447247;344,5112;345,6939;6,613962;0;waiting for user to recenter
14-3-2024 14:43:36;-0,03350726;1,237774;0,024426;344,5038;345,6916;6,621983;0;waiting for user to recenter
14-3-2024 14:43:36;-0,03346242;1,237764;0,0243724;344,488;345,6849;6,632941;0;waiting for user to recenter
14-3-2024 14:43:36;-0,03346542;1,237788;0,02431258;344,4706;345,6768;6,647907;0;waiting for user to recenter
14-3-2024 14:43:36;-0,03346867;1,237808;0,02425632;344,4562;345,6573;6,662477;0;waiting for user to recenter
14-3-2024 14:43:36;-0,03348072;1,237826;0,02419796;344,4333;345,653;6,668014;0;waiting for user to recenter
14-3-2024 14:43:36;-0,03353338;1,23788;0,02412963;344,4263;345,6537;6,668394;0;waiting for user to recenter
14-3-2024 14:43:36;-0,03357979;1,237911;0,02408881;344,4232;345,649;6,667148;0;waiting for user to recenter
14-3-2024 14:43:36;-0,03358219;1,237909;0,02406454;344,4272;345,64;6,664682;0;waiting for user to recenter
14-3-2024 14:43:36;-0,03357291;1,237901;0,02404513;344,4351;345,6313;6,653119;0;waiting for user to recenter
14-3-2024 14:43:36;-0,03354945;1,237883;0,02403434;344,4419;345,6223;6,653361;0;waiting for user to recenter
14-3-2024 14:43:36;-0,03350118;1,237831;0,02403792;344,4487;345,6354;6,643438;0;waiting for user to recenter
14-3-2024 14:43:36;-0,03340842;1,237731;0,0240645;344,4583;345,6627;6,633722;0;waiting for user to recenter
14-3-2024 14:43:36;-0,03330051;1,23762;0,02409977;344,4702;345,6989;6,605651;0;waiting for user to recenter
14-3-2024 14:43:36;-0,03322682;1,237551;0,02414121;344,4916;345,7321;6,584341;0;waiting for user to recenter
14-3-2024 14:43:36;-0,03311604;1,237477;0,0242002;344,5168;345,7626;6,567114;0;waiting for user to recenter
14-3-2024 14:43:36;-0,03299969;1,237414;0,02427432;344,5435;345,8055;6,546177;0;waiting for user to recenter
14-3-2024 14:43:36;-0,03292565;1,237386;0,02432643;344,5625;345,844;6,531329;0;waiting for user to recenter
14-3-2024 14:43:36;-0,03288126;1,237399;0,02436749;344,5512;345,8661;6,523046;0;waiting for user to recenter
14-3-2024 14:43:36;-0,03283424;1,237413;0,02440094;344,5564;345,8994;6,513382;0;waiting for user to recenter
14-3-2024 14:43:36;-0,03275044;1,237407;0,0244288;344,5549;345,8994;6,497891;0;waiting for user to recenter
14-3-2024 14:43:36;-0,03265975;1,23741;0,02445394;344,5607;345,9015;6,485192;0;waiting for user to recenter
14-3-2024 14:43:36;-0,03255558;1,237404;0,02450363;344,564;345,9209;6,461533;0;waiting for user to recenter
14-3-2024 14:43:36;-0,03245257;1,237375;0,02452979;344,5665;345,9264;6,438532;0;waiting for user to recenter
14-3-2024 14:43:36;-0,03235719;1,237343;0,0245404;344,5658;345,9419;6,410275;0;waiting for user to recenter
14-3-2024 14:43:36;-0,03225782;1,237346;0,02456695;344,5725;345,9489;6,396654;0;waiting for user to recenter
14-3-2024 14:43:36;-0,03214219;1,237386;0,02461113;344,5553;345,9822;6,376273;0;waiting for user to recenter
14-3-2024 14:43:36;-0,03202164;1,237417;0,02466001;344,5553;345,9972;6,37933;0;waiting for user to recenter
14-3-2024 14:43:36;-0,03189727;1,237447;0,02471701;344,5422;346,0109;6,371505;0;waiting for user to recenter
14-3-2024 14:43:36;-0,03180414;1,237474;0,02475781;344,5456;346,0538;6,35815;0;waiting for user to recenter
14-3-2024 14:43:36;-0,03170016;1,237475;0,02481587;344,5577;346,0858;6,346403;0;waiting for user to recenter
14-3-2024 14:43:36;-0,03154825;1,237456;0,02492059;344,5841;346,1281;6,341208;0;waiting for user to recenter
14-3-2024 14:43:36;-0,0313733;1,237403;0,02505635;344,6143;346,1734;6,371921;0;waiting for user to recenter
14-3-2024 14:43:36;-0,03116494;1,237317;0,0252296;344,6461;346,2657;6,398522;0;waiting for user to recenter
14-3-2024 14:43:36;-0,03088572;1,237158;0,02544557;344,7101;346,388;6,405542;0;waiting for user to recenter
14-3-2024 14:43:36;-0,0303884;1,236704;0,02587444;344,8266;346,5586;6,372962;0;waiting for user to recenter
14-3-2024 14:43:36;-0,03005827;1,236143;0,02629793;345,0316;346,817;6,342441;0;waiting for user to recenter
14-3-2024 14:43:36;-0,02981007;1,235695;0,02678903;345,1656;346,9861;6,213964;0;waiting for user to recenter
14-3-2024 14:43:36;-0,02948737;1,235324;0,02714906;345,3608;347,1281;5,975266;0;waiting for user to recenter
14-3-2024 14:43:36;-0,02922928;1,235046;0,02750294;345,5353;347,2475;5,714859;0;waiting for user to recenter
14-3-2024 14:43:36;-0,02900306;1,23481;0,02790435;345,661;347,3139;5,545922;0;waiting for user to recenter
14-3-2024 14:43:36;-0,0286428;1,234687;0,02818153;345,7478;347,3491;5,456392;0;waiting for user to recenter
14-3-2024 14:43:36;-0,0283407;1,234638;0,02844191;345,7808;347,397;5,379672;0;waiting for user to recenter
14-3-2024 14:43:36;-0,02807357;1,234666;0,02866158;345,7769;347,4185;5,376911;0;waiting for user to recenter
14-3-2024 14:43:36;-0,02782643;1,234712;0,02890143;345,7461;347,4112;5,392315;0;waiting for user to recenter
14-3-2024 14:43:36;-0,02764609;1,234753;0,02908932;345,705;347,3798;5,408274;0;waiting for user to recenter
14-3-2024 14:43:36;-0,02736813;1,234772;0,02925702;345,6745;347,3392;5,420036;0;waiting for user to recenter
14-3-2024 14:43:36;-0,02714403;1,234788;0,02941277;345,6664;347,32;5,396442;0;waiting for user to recenter
14-3-2024 14:43:36;-0,02688845;1,234761;0,02960879;345,6575;347,2954;5,372284;0;waiting for user to recenter
14-3-2024 14:43:36;-0,02668722;1,234798;0,02978026;345,6761;347,305;5,327562;0;waiting for user to recenter
14-3-2024 14:43:36;-0,02645752;1,234781;0,02990021;345,6981;347,3301;5,282848;0;waiting for user to recenter
14-3-2024 14:43:36;-0,02623092;1,234749;0,02999349;345,7455;347,3762;5,233042;0;waiting for user to recenter
14-3-2024 14:43:36;-0,0260202;1,234737;0,03006035;345,7836;347,4405;5,200286;0;waiting for user to recenter
14-3-2024 14:43:36;-0,02575229;1,234673;0,03013328;345,826;347,4944;5,180583;0;waiting for user to recenter
14-3-2024 14:43:36;-0,02544224;1,234637;0,03025842;345,8479;347,5555;5,153;0;waiting for user to recenter
14-3-2024 14:43:36;-0,02514863;1,234597;0,03036573;345,8686;347,6211;5,10638;0;waiting for user to recenter
14-3-2024 14:43:36;-0,0248429;1,234573;0,03047472;345,8847;347,6713;5,070933;0;waiting for user to recenter
14-3-2024 14:43:36;-0,02453486;1,234553;0,03058993;345,8733;347,7112;5,042752;0;waiting for user to recenter
14-3-2024 14:43:36;-0,0241858;1,234591;0,03060504;345,8695;347,7413;5,012852;0;waiting for user to recenter
14-3-2024 14:43:36;-0,02384199;1,234607;0,03066804;345,8568;347,7803;4,989338;0;waiting for user to recenter
14-3-2024 14:43:36;-0,02357559;1,234587;0,03077452;345,843;347,82;4,979372;0;waiting for user to recenter
14-3-2024 14:43:36;-0,02334325;1,234568;0,03087207;345,8358;347,838;4,968163;0;waiting for user to recenter
14-3-2024 14:43:36;-0,02308104;1,23459;0,03092667;345,8364;347,8597;4,94361;0;waiting for user to recenter
14-3-2024 14:43:36;-0,02293257;1,234638;0,03099276;345,8361;347,8653;4,9236;0;waiting for user to recenter
14-3-2024 14:43:36;-0,02277796;1,234705;0,03106058;345,8357;347,8671;4,918961;0;waiting for user to recenter
